tp,fp,fn,tn,gt_px,pred_px,gt_empty,Dice,IoU,Precision,Recall,Specificity,VS,HD95,ASSD,NSD,patient,slice,patient_dice,model,fold
0.0,0.0,0.0,147456.0,0.0,0.0,1,1.0,1.0,1.0,1.0,0.9999999999993219,1.0,,,,53,0,0.34294871794871795,unet,0
0.0,0.0,0.0,147456.0,0.0,0.0,1,1.0,1.0,1.0,1.0,0.9999999999993219,1.0,,,,53,1,0.34294871794871795,unet,0
0.0,0.0,0.0,147456.0,0.0,0.0,1,1.0,1.0,1.0,1.0,0.9999999999993219,1.0,,,,53,2,0.34294871794871795,unet,0
0.0,0.0,0.0,147456.0,0.0,0.0,1,1.0,1.0,1.0,1.0,0.9999999999993219,1.0,,,,53,3,0.34294871794871795,unet,0
0.0,0.0,0.0,147456.0,0.0,0.0,1,1.0,1.0,1.0,1.0,0.9999999999993219,1.0,,,,53,4,0.34294871794871795,unet,0
0.0,0.0,0.0,147456.0,0.0,0.0,1,1.0,1.0,1.0,1.0,0.9999999999993219,1.0,,,,53,5,0.34294871794871795,unet,0
0.0,0.0,0.0,147456.0,0.0,0.0,1,1.0,1.0,1.0,1.0,0.9999999999993219,1.0,,,,53,6,0.34294871794871795,unet,0
0.0,0.0,0.0,147456.0,0.0,0.0,1,1.0,1.0,1.0,1.0,0.9999999999993219,1.0,,,,53,7,0.34294871794871795,unet,0
0.0,0.0,0.0,147456.0,0.0,0.0,1,1.0,1.0,1.0,1.0,0.9999999999993219,1.0,,,,53,8,0.34294871794871795,unet,0
0.0,0.0,0.0,147456.0,0.0,0.0,1,1.0,1.0,1.0,1.0,0.9999999999993219,1.0,,,,53,9,0.34294871794871795,unet,0
0.0,0.0,0.0,147456.0,0.0,0.0,1,1.0,1.0,1.0,1.0,0.9999999999993219,1.0,,,,53,10,0.34294871794871795,unet,0
0.0,1224.0,0.0,146232.0,0.0,1224.0,1,0.0,0.0,0.0,1.0,0.9916992187493274,0.0,,,,53,11,0.34294871794871795,unet,0
0.0,858.0,0.0,146598.0,0.0,858.0,1,0.0,0.0,0.0,1.0,0.9941813151034924,0.0,,,,53,12,0.34294871794871795,unet,0
0.0,612.0,0.0,146844.0,0.0,612.0,1,0.0,0.0,0.0,1.0,0.9958496093743247,0.0,,,,53,13,0.34294871794871795,unet,0
0.0,793.0,0.0,146663.0,0.0,793.0,1,0.0,0.0,0.0,1.0,0.9946221245652977,0.0,,,,53,14,0.34294871794871795,unet,0
0.0,629.0,0.0,146827.0,0.0,629.0,1,0.0,0.0,0.0,1.0,0.9957343207458526,0.0,,,,53,15,0.34294871794871795,unet,0
0.0,0.0,0.0,147456.0,0.0,0.0,1,1.0,1.0,1.0,1.0,0.9999999999993219,1.0,,,,53,16,0.34294871794871795,unet,0
0.0,126.0,71.0,147259.0,71.0,126.0,0,0.0,0.0,0.0,0.0,0.9991450961760022,0.7208121828828364,108.68444145329804,106.35764165610628,0.0,53,17,0.34294871794871795,unet,0
54.0,66.0,312.0,147024.0,366.0,120.0,0,0.22222222217649748,0.12499999997106481,0.44999999962500004,0.14754098356624562,0.9995512951247538,0.49382716059797793,100.91895857594272,28.74224757430623,0.3058823529411765,53,18,0.34294871794871795,unet,0
0.0,101.0,60.0,147295.0,60.0,101.0,0,0.0,0.0,0.0,0.0,0.9993147710921604,0.7453416150650052,49.49475399871567,44.56746709993976,0.0,53,19,0.34294871794871795,unet,0
0.0,279.0,0.0,147177.0,0.0,279.0,1,0.0,0.0,0.0,1.0,0.9981079101555731,0.0,,,,53,20,0.34294871794871795,unet,0
233.0,499.0,61.0,146663.0,294.0,732.0,0,0.4541910330941334,0.29382093312814367,0.31830601088547733,0.7925170065331574,0.9966091789993363,0.5730994152462867,82.39409796339731,21.30883850656541,0.5484949832775919,53,21,0.34294871794871795,unet,0
672.0,794.0,381.0,145609.0,1053.0,1466.0,0,0.5335450575413441,0.3638332430772153,0.4583901773220743,0.6381766381160325,0.9945766138665229,0.8360460500263578,73.04663161867656,17.816766714162878,0.46096654275092935,53,22,0.34294871794871795,unet,0
640.0,615.0,181.0,146020.0,821.0,1255.0,0,0.6165703275232867,0.4456824512224455,0.5099601593219155,0.7795371497223463,0.99580591263955,0.7909441233241357,70.71054029008741,16.920202610826202,0.6061855670103092,53,23,0.34294871794871795,unet,0
474.0,155.0,77.0,146750.0,551.0,629.0,0,0.8033898304403906,0.6713881018879054,0.7535771063984774,0.8602540833284475,0.9989448963609142,0.9338983050903475,37.78982708508474,3.141580193499513,0.9292307692307692,53,24,0.34294871794871795,unet,0
174.0,80.0,208.0,146994.0,382.0,254.0,0,0.5471698112347217,0.3766233765418564,0.6850393698090397,0.4554973820797127,0.9994560561343273,0.7987421383964242,21.09992374282991,4.308875334695418,0.7008196721311475,53,25,0.34294871794871795,unet,0
0.0,0.0,216.0,147240.0,216.0,0.0,0,0.0,0.0,0.0,0.0,0.9999999999993209,4.629628902463878e-10,,,,53,26,0.34294871794871795,unet,0
0.0,0.0,80.0,147376.0,80.0,0.0,0,0.0,0.0,0.0,0.0,0.9999999999993214,1.2499998813808588e-09,,,,53,27,0.34294871794871795,unet,0
0.0,0.0,0.0,147456.0,0.0,0.0,1,1.0,1.0,1.0,1.0,0.9999999999993219,1.0,,,,53,28,0.34294871794871795,unet,0
0.0,0.0,0.0,147456.0,0.0,0.0,1,1.0,1.0,1.0,1.0,0.9999999999993219,1.0,,,,53,29,0.34294871794871795,unet,0
0.0,0.0,0.0,147456.0,0.0,0.0,1,1.0,1.0,1.0,1.0,0.9999999999993219,1.0,,,,53,30,0.34294871794871795,unet,0
0.0,0.0,0.0,147456.0,0.0,0.0,1,1.0,1.0,1.0,1.0,0.9999999999993219,1.0,,,,53,31,0.34294871794871795,unet,0
0.0,132.0,0.0,147324.0,0.0,132.0,1,0.0,0.0,0.0,1.0,0.9991048177076558,0.0,,,,53,32,0.34294871794871795,unet,0
0.0,0.0,0.0,147456.0,0.0,0.0,1,1.0,1.0,1.0,1.0,0.9999999999993219,1.0,,,,53,33,0.34294871794871795,unet,0
0.0,0.0,0.0,147456.0,0.0,0.0,1,1.0,1.0,1.0,1.0,0.9999999999993219,1.0,,,,53,34,0.34294871794871795,unet,0
0.0,0.0,0.0,147456.0,0.0,0.0,1,1.0,1.0,1.0,1.0,0.9999999999993219,1.0,,,,56,0,,unet,0
0.0,0.0,0.0,147456.0,0.0,0.0,1,1.0,1.0,1.0,1.0,0.9999999999993219,1.0,,,,56,1,,unet,0
0.0,0.0,0.0,147456.0,0.0,0.0,1,1.0,1.0,1.0,1.0,0.9999999999993219,1.0,,,,56,2,,unet,0
0.0,0.0,0.0,147456.0,0.0,0.0,1,1.0,1.0,1.0,1.0,0.9999999999993219,1.0,,,,56,3,,unet,0
0.0,0.0,0.0,147456.0,0.0,0.0,1,1.0,1.0,1.0,1.0,0.9999999999993219,1.0,,,,56,4,,unet,0
0.0,0.0,0.0,147456.0,0.0,0.0,1,1.0,1.0,1.0,1.0,0.9999999999993219,1.0,,,,56,5,,unet,0
0.0,0.0,0.0,147456.0,0.0,0.0,1,1.0,1.0,1.0,1.0,0.9999999999993219,1.0,,,,56,6,,unet,0
0.0,0.0,0.0,147456.0,0.0,0.0,1,1.0,1.0,1.0,1.0,0.9999999999993219,1.0,,,,56,7,,unet,0
0.0,0.0,0.0,147456.0,0.0,0.0,1,1.0,1.0,1.0,1.0,0.9999999999993219,1.0,,,,56,8,,unet,0
0.0,0.0,0.0,147456.0,0.0,0.0,1,1.0,1.0,1.0,1.0,0.9999999999993219,1.0,,,,56,9,,unet,0
0.0,0.0,0.0,147456.0,0.0,0.0,1,1.0,1.0,1.0,1.0,0.9999999999993219,1.0,,,,56,10,,unet,0
0.0,0.0,0.0,147456.0,0.0,0.0,1,1.0,1.0,1.0,1.0,0.9999999999993219,1.0,,,,56,11,,unet,0
0.0,0.0,0.0,147456.0,0.0,0.0,1,1.0,1.0,1.0,1.0,0.9999999999993219,1.0,,,,56,12,,unet,0
0.0,0.0,0.0,147456.0,0.0,0.0,1,1.0,1.0,1.0,1.0,0.9999999999993219,1.0,,,,56,13,,unet,0
0.0,0.0,0.0,147456.0,0.0,0.0,1,1.0,1.0,1.0,1.0,0.9999999999993219,1.0,,,,56,14,,unet,0
0.0,0.0,0.0,147456.0,0.0,0.0,1,1.0,1.0,1.0,1.0,0.9999999999993219,1.0,,,,56,15,,unet,0
0.0,58.0,0.0,147398.0,0.0,58.0,1,0.0,0.0,0.0,1.0,0.9996066623257109,0.0,,,,56,16,,unet,0
0.0,163.0,0.0,147293.0,0.0,163.0,1,0.0,0.0,0.0,1.0,0.9988945855027948,0.0,,,,56,17,,unet,0
0.0,0.0,0.0,147456.0,0.0,0.0,1,1.0,1.0,1.0,1.0,0.9999999999993219,1.0,,,,56,18,,unet,0
0.0,0.0,0.0,147456.0,0.0,0.0,1,1.0,1.0,1.0,1.0,0.9999999999993219,1.0,,,,56,19,,unet,0
0.0,0.0,0.0,147456.0,0.0,0.0,1,1.0,1.0,1.0,1.0,0.9999999999993219,1.0,,,,56,20,,unet,0
0.0,0.0,0.0,147456.0,0.0,0.0,1,1.0,1.0,1.0,1.0,0.9999999999993219,1.0,,,,56,21,,unet,0
0.0,0.0,0.0,147456.0,0.0,0.0,1,1.0,1.0,1.0,1.0,0.9999999999993219,1.0,,,,56,22,,unet,0
0.0,0.0,0.0,147456.0,0.0,0.0,1,1.0,1.0,1.0,1.0,0.9999999999993219,1.0,,,,56,23,,unet,0
0.0,0.0,0.0,147456.0,0.0,0.0,1,1.0,1.0,1.0,1.0,0.9999999999993219,1.0,,,,56,24,,unet,0
0.0,0.0,0.0,147456.0,0.0,0.0,1,1.0,1.0,1.0,1.0,0.9999999999993219,1.0,,,,56,25,,unet,0
0.0,0.0,0.0,147456.0,0.0,0.0,1,1.0,1.0,1.0,1.0,0.9999999999993219,1.0,,,,56,26,,unet,0
0.0,0.0,0.0,147456.0,0.0,0.0,1,1.0,1.0,1.0,1.0,0.9999999999993219,1.0,,,,56,27,,unet,0
0.0,0.0,0.0,147456.0,0.0,0.0,1,1.0,1.0,1.0,1.0,0.9999999999993219,1.0,,,,56,28,,unet,0
0.0,0.0,0.0,147456.0,0.0,0.0,1,1.0,1.0,1.0,1.0,0.9999999999993219,1.0,,,,56,29,,unet,0
0.0,0.0,0.0,147456.0,0.0,0.0,1,1.0,1.0,1.0,1.0,0.9999999999993219,1.0,,,,56,30,,unet,0
0.0,0.0,0.0,147456.0,0.0,0.0,1,1.0,1.0,1.0,1.0,0.9999999999993219,1.0,,,,56,31,,unet,0
0.0,0.0,0.0,147456.0,0.0,0.0,1,1.0,1.0,1.0,1.0,0.9999999999993219,1.0,,,,56,32,,unet,0
0.0,0.0,0.0,147456.0,0.0,0.0,1,1.0,1.0,1.0,1.0,0.9999999999993219,1.0,,,,56,33,,unet,0
0.0,0.0,0.0,147456.0,0.0,0.0,1,1.0,1.0,1.0,1.0,0.9999999999993219,1.0,,,,56,34,,unet,0
0.0,0.0,0.0,147456.0,0.0,0.0,1,1.0,1.0,1.0,1.0,0.9999999999993219,1.0,,,,56,35,,unet,0
0.0,0.0,0.0,147456.0,0.0,0.0,1,1.0,1.0,1.0,1.0,0.9999999999993219,1.0,,,,56,36,,unet,0
0.0,0.0,0.0,147456.0,0.0,0.0,1,1.0,1.0,1.0,1.0,0.9999999999993219,1.0,,,,56,37,,unet,0
0.0,0.0,0.0,147456.0,0.0,0.0,1,1.0,1.0,1.0,1.0,0.9999999999993219,1.0,,,,56,38,,unet,0
0.0,0.0,0.0,147456.0,0.0,0.0,1,1.0,1.0,1.0,1.0,0.9999999999993219,1.0,,,,56,39,,unet,0
0.0,0.0,0.0,147456.0,0.0,0.0,1,1.0,1.0,1.0,1.0,0.9999999999993219,1.0,,,,69,0,0.163302752293578,unet,0
0.0,0.0,0.0,147456.0,0.0,0.0,1,1.0,1.0,1.0,1.0,0.9999999999993219,1.0,,,,69,1,0.163302752293578,unet,0
0.0,0.0,0.0,147456.0,0.0,0.0,1,1.0,1.0,1.0,1.0,0.9999999999993219,1.0,,,,69,2,0.163302752293578,unet,0
0.0,0.0,0.0,147456.0,0.0,0.0,1,1.0,1.0,1.0,1.0,0.9999999999993219,1.0,,,,69,3,0.163302752293578,unet,0
0.0,0.0,0.0,147456.0,0.0,0.0,1,1.0,1.0,1.0,1.0,0.9999999999993219,1.0,,,,69,4,0.163302752293578,unet,0
0.0,0.0,0.0,147456.0,0.0,0.0,1,1.0,1.0,1.0,1.0,0.9999999999993219,1.0,,,,69,5,0.163302752293578,unet,0
0.0,0.0,0.0,147456.0,0.0,0.0,1,1.0,1.0,1.0,1.0,0.9999999999993219,1.0,,,,69,6,0.163302752293578,unet,0
0.0,0.0,0.0,147456.0,0.0,0.0,1,1.0,1.0,1.0,1.0,0.9999999999993219,1.0,,,,69,7,0.163302752293578,unet,0
0.0,0.0,0.0,147456.0,0.0,0.0,1,1.0,1.0,1.0,1.0,0.9999999999993219,1.0,,,,69,8,0.163302752293578,unet,0
0.0,0.0,0.0,147456.0,0.0,0.0,1,1.0,1.0,1.0,1.0,0.9999999999993219,1.0,,,,69,9,0.163302752293578,unet,0
0.0,0.0,0.0,147456.0,0.0,0.0,1,1.0,1.0,1.0,1.0,0.9999999999993219,1.0,,,,69,10,0.163302752293578,unet,0
0.0,0.0,0.0,147456.0,0.0,0.0,1,1.0,1.0,1.0,1.0,0.9999999999993219,1.0,,,,69,11,0.163302752293578,unet,0
0.0,0.0,0.0,147456.0,0.0,0.0,1,1.0,1.0,1.0,1.0,0.9999999999993219,1.0,,,,69,12,0.163302752293578,unet,0
0.0,0.0,0.0,147456.0,0.0,0.0,1,1.0,1.0,1.0,1.0,0.9999999999993219,1.0,,,,69,13,0.163302752293578,unet,0
0.0,0.0,0.0,147456.0,0.0,0.0,1,1.0,1.0,1.0,1.0,0.9999999999993219,1.0,,,,69,14,0.163302752293578,unet,0
0.0,0.0,0.0,147456.0,0.0,0.0,1,1.0,1.0,1.0,1.0,0.9999999999993219,1.0,,,,69,15,0.163302752293578,unet,0
87.0,6.0,44.0,147319.0,131.0,93.0,0,0.7767857139389349,0.6350364958868348,0.9354838699618454,0.6641221368976167,0.9999592737138979,0.8303571429328762,2.1781147686508167,0.6391106715903909,0.9090909090909091,69,16,0.163302752293578,unet,0
91.0,14.0,47.0,147304.0,138.0,105.0,0,0.7489711931074193,0.5986842101324447,0.86666666584127,0.6594202893772317,0.9999049674846252,0.8641975309200833,2.159935998527369,0.7602692720496007,0.9605263157894737,69,17,0.163302752293578,unet,0
0.0,0.0,0.0,147456.0,0.0,0.0,1,1.0,1.0,1.0,1.0,0.9999999999993219,1.0,,,,69,18,0.163302752293578,unet,0
0.0,36.0,0.0,147420.0,0.0,36.0,1,0.0,0.0,0.0,1.0,0.999755859374322,0.0,,,,69,19,0.163302752293578,unet,0
0.0,402.0,0.0,147054.0,0.0,402.0,1,0.0,0.0,0.0,1.0,0.997273763020157,0.0,,,,69,20,0.163302752293578,unet,0
0.0,0.0,0.0,147456.0,0.0,0.0,1,1.0,1.0,1.0,1.0,0.9999999999993219,1.0,,,,69,21,0.163302752293578,unet,0
0.0,0.0,0.0,147456.0,0.0,0.0,1,1.0,1.0,1.0,1.0,0.9999999999993219,1.0,,,,69,22,0.163302752293578,unet,0
0.0,148.0,0.0,147308.0,0.0,148.0,1,0.0,0.0,0.0,1.0,0.9989963107632114,0.0,,,,69,23,0.163302752293578,unet,0
0.0,536.0,0.0,146920.0,0.0,536.0,1,0.0,0.0,0.0,1.0,0.9963650173604354,0.0,,,,69,24,0.163302752293578,unet,0
0.0,427.0,0.0,147029.0,0.0,427.0,1,0.0,0.0,0.0,1.0,0.9971042209194627,0.0,,,,69,25,0.163302752293578,unet,0
0.0,0.0,0.0,147456.0,0.0,0.0,1,1.0,1.0,1.0,1.0,0.9999999999993219,1.0,,,,69,26,0.163302752293578,unet,0
0.0,0.0,0.0,147456.0,0.0,0.0,1,1.0,1.0,1.0,1.0,0.9999999999993219,1.0,,,,69,27,0.163302752293578,unet,0
0.0,0.0,0.0,147456.0,0.0,0.0,1,1.0,1.0,1.0,1.0,0.9999999999993219,1.0,,,,69,28,0.163302752293578,unet,0
0.0,0.0,0.0,147456.0,0.0,0.0,1,1.0,1.0,1.0,1.0,0.9999999999993219,1.0,,,,69,29,0.163302752293578,unet,0
0.0,0.0,0.0,147456.0,0.0,0.0,1,1.0,1.0,1.0,1.0,0.9999999999993219,1.0,,,,69,30,0.163302752293578,unet,0
0.0,0.0,0.0,147456.0,0.0,0.0,1,1.0,1.0,1.0,1.0,0.9999999999993219,1.0,,,,69,31,0.163302752293578,unet,0
0.0,0.0,0.0,147456.0,0.0,0.0,1,1.0,1.0,1.0,1.0,0.9999999999993219,1.0,,,,69,32,0.163302752293578,unet,0
0.0,164.0,0.0,147292.0,0.0,164.0,1,0.0,0.0,0.0,1.0,0.9988878038187671,0.0,,,,69,33,0.163302752293578,unet,0
0.0,0.0,0.0,147456.0,0.0,0.0,1,1.0,1.0,1.0,1.0,0.9999999999993219,1.0,,,,69,34,0.163302752293578,unet,0
0.0,0.0,0.0,147456.0,0.0,0.0,1,1.0,1.0,1.0,1.0,0.9999999999993219,1.0,,,,69,35,0.163302752293578,unet,0
0.0,0.0,0.0,147456.0,0.0,0.0,1,1.0,1.0,1.0,1.0,0.9999999999993219,1.0,,,,69,36,0.163302752293578,unet,0
0.0,0.0,0.0,147456.0,0.0,0.0,1,1.0,1.0,1.0,1.0,0.9999999999993219,1.0,,,,69,37,0.163302752293578,unet,0
0.0,0.0,0.0,147456.0,0.0,0.0,1,1.0,1.0,1.0,1.0,0.9999999999993219,1.0,,,,69,38,0.163302752293578,unet,0
0.0,0.0,0.0,147456.0,0.0,0.0,1,1.0,1.0,1.0,1.0,0.9999999999993219,1.0,,,,69,39,0.163302752293578,unet,0
0.0,0.0,0.0,147456.0,0.0,0.0,1,1.0,1.0,1.0,1.0,0.9999999999993219,1.0,,,,73,0,0.0,unet,0
0.0,0.0,0.0,147456.0,0.0,0.0,1,1.0,1.0,1.0,1.0,0.9999999999993219,1.0,,,,73,1,0.0,unet,0
0.0,0.0,0.0,147456.0,0.0,0.0,1,1.0,1.0,1.0,1.0,0.9999999999993219,1.0,,,,73,2,0.0,unet,0
0.0,0.0,0.0,147456.0,0.0,0.0,1,1.0,1.0,1.0,1.0,0.9999999999993219,1.0,,,,73,3,0.0,unet,0
0.0,0.0,0.0,147456.0,0.0,0.0,1,1.0,1.0,1.0,1.0,0.9999999999993219,1.0,,,,73,4,0.0,unet,0
0.0,0.0,0.0,147456.0,0.0,0.0,1,1.0,1.0,1.0,1.0,0.9999999999993219,1.0,,,,73,5,0.0,unet,0
0.0,0.0,0.0,147456.0,0.0,0.0,1,1.0,1.0,1.0,1.0,0.9999999999993219,1.0,,,,73,6,0.0,unet,0
0.0,0.0,0.0,147456.0,0.0,0.0,1,1.0,1.0,1.0,1.0,0.9999999999993219,1.0,,,,73,7,0.0,unet,0
0.0,0.0,0.0,147456.0,0.0,0.0,1,1.0,1.0,1.0,1.0,0.9999999999993219,1.0,,,,73,8,0.0,unet,0
0.0,0.0,0.0,147456.0,0.0,0.0,1,1.0,1.0,1.0,1.0,0.9999999999993219,1.0,,,,73,9,0.0,unet,0
0.0,0.0,0.0,147456.0,0.0,0.0,1,1.0,1.0,1.0,1.0,0.9999999999993219,1.0,,,,73,10,0.0,unet,0
0.0,0.0,0.0,147456.0,0.0,0.0,1,1.0,1.0,1.0,1.0,0.9999999999993219,1.0,,,,73,11,0.0,unet,0
0.0,0.0,0.0,147456.0,0.0,0.0,1,1.0,1.0,1.0,1.0,0.9999999999993219,1.0,,,,73,12,0.0,unet,0
0.0,0.0,0.0,147456.0,0.0,0.0,1,1.0,1.0,1.0,1.0,0.9999999999993219,1.0,,,,73,13,0.0,unet,0
0.0,0.0,0.0,147456.0,0.0,0.0,1,1.0,1.0,1.0,1.0,0.9999999999993219,1.0,,,,73,14,0.0,unet,0
0.0,0.0,0.0,147456.0,0.0,0.0,1,1.0,1.0,1.0,1.0,0.9999999999993219,1.0,,,,73,15,0.0,unet,0
0.0,0.0,0.0,147456.0,0.0,0.0,1,1.0,1.0,1.0,1.0,0.9999999999993219,1.0,,,,73,16,0.0,unet,0
0.0,0.0,0.0,147456.0,0.0,0.0,1,1.0,1.0,1.0,1.0,0.9999999999993219,1.0,,,,73,17,0.0,unet,0
0.0,0.0,0.0,147456.0,0.0,0.0,1,1.0,1.0,1.0,1.0,0.9999999999993219,1.0,,,,73,18,0.0,unet,0
0.0,0.0,0.0,147456.0,0.0,0.0,1,1.0,1.0,1.0,1.0,0.9999999999993219,1.0,,,,73,19,0.0,unet,0
0.0,0.0,0.0,147456.0,0.0,0.0,1,1.0,1.0,1.0,1.0,0.9999999999993219,1.0,,,,73,20,0.0,unet,0
0.0,0.0,0.0,147456.0,0.0,0.0,1,1.0,1.0,1.0,1.0,0.9999999999993219,1.0,,,,73,21,0.0,unet,0
0.0,0.0,0.0,147456.0,0.0,0.0,1,1.0,1.0,1.0,1.0,0.9999999999993219,1.0,,,,73,22,0.0,unet,0
0.0,0.0,0.0,147456.0,0.0,0.0,1,1.0,1.0,1.0,1.0,0.9999999999993219,1.0,,,,73,23,0.0,unet,0
0.0,0.0,0.0,147456.0,0.0,0.0,1,1.0,1.0,1.0,1.0,0.9999999999993219,1.0,,,,73,24,0.0,unet,0
0.0,0.0,427.0,147029.0,427.0,0.0,0,0.0,0.0,0.0,0.0,0.9999999999993199,2.3419211014896746e-10,,,,73,25,0.0,unet,0
0.0,0.0,462.0,146994.0,462.0,0.0,0,0.0,0.0,0.0,0.0,0.9999999999993197,2.164503021262476e-10,,,,73,26,0.0,unet,0
0.0,0.0,729.0,146727.0,729.0,0.0,0,0.0,0.0,0.0,0.0,0.9999999999993184,1.3717416091907353e-10,,,,73,27,0.0,unet,0
0.0,0.0,604.0,146852.0,604.0,0.0,0,0.0,0.0,0.0,0.0,0.999999999999319,1.6556289672564617e-10,,,,73,28,0.0,unet,0
0.0,0.0,408.0,147048.0,408.0,0.0,0,0.0,0.0,0.0,0.0,0.99999999999932,2.450980529644653e-10,,,,73,29,0.0,unet,0
0.0,0.0,253.0,147203.0,253.0,0.0,0,0.0,0.0,0.0,0.0,0.9999999999993207,3.952569382903448e-10,,,,73,30,0.0,unet,0
0.0,0.0,0.0,147456.0,0.0,0.0,1,1.0,1.0,1.0,1.0,0.9999999999993219,1.0,,,,73,31,0.0,unet,0
0.0,0.0,0.0,147456.0,0.0,0.0,1,1.0,1.0,1.0,1.0,0.9999999999993219,1.0,,,,73,32,0.0,unet,0
0.0,0.0,0.0,147456.0,0.0,0.0,1,1.0,1.0,1.0,1.0,0.9999999999993219,1.0,,,,73,33,0.0,unet,0
0.0,0.0,0.0,147456.0,0.0,0.0,1,1.0,1.0,1.0,1.0,0.9999999999993219,1.0,,,,73,34,0.0,unet,0
0.0,0.0,0.0,147456.0,0.0,0.0,1,1.0,1.0,1.0,1.0,0.9999999999993219,1.0,,,,73,35,0.0,unet,0
0.0,0.0,0.0,147456.0,0.0,0.0,1,1.0,1.0,1.0,1.0,0.9999999999993219,1.0,,,,73,36,0.0,unet,0
0.0,0.0,0.0,147456.0,0.0,0.0,1,1.0,1.0,1.0,1.0,0.9999999999993219,1.0,,,,74,0,0.2965807277381605,unet,0
0.0,0.0,0.0,147456.0,0.0,0.0,1,1.0,1.0,1.0,1.0,0.9999999999993219,1.0,,,,74,1,0.2965807277381605,unet,0
0.0,0.0,0.0,147456.0,0.0,0.0,1,1.0,1.0,1.0,1.0,0.9999999999993219,1.0,,,,74,2,0.2965807277381605,unet,0
0.0,0.0,0.0,147456.0,0.0,0.0,1,1.0,1.0,1.0,1.0,0.9999999999993219,1.0,,,,74,3,0.2965807277381605,unet,0
0.0,0.0,0.0,147456.0,0.0,0.0,1,1.0,1.0,1.0,1.0,0.9999999999993219,1.0,,,,74,4,0.2965807277381605,unet,0
0.0,0.0,0.0,147456.0,0.0,0.0,1,1.0,1.0,1.0,1.0,0.9999999999993219,1.0,,,,74,5,0.2965807277381605,unet,0
0.0,0.0,0.0,147456.0,0.0,0.0,1,1.0,1.0,1.0,1.0,0.9999999999993219,1.0,,,,74,6,0.2965807277381605,unet,0
0.0,0.0,0.0,147456.0,0.0,0.0,1,1.0,1.0,1.0,1.0,0.9999999999993219,1.0,,,,74,7,0.2965807277381605,unet,0
0.0,0.0,0.0,147456.0,0.0,0.0,1,1.0,1.0,1.0,1.0,0.9999999999993219,1.0,,,,74,8,0.2965807277381605,unet,0
0.0,0.0,0.0,147456.0,0.0,0.0,1,1.0,1.0,1.0,1.0,0.9999999999993219,1.0,,,,74,9,0.2965807277381605,unet,0
0.0,0.0,0.0,147456.0,0.0,0.0,1,1.0,1.0,1.0,1.0,0.9999999999993219,1.0,,,,74,10,0.2965807277381605,unet,0
0.0,0.0,146.0,147310.0,146.0,0.0,0,0.0,0.0,0.0,0.0,0.9999999999993212,6.849314448942323e-10,,,,74,11,0.2965807277381605,unet,0
0.0,0.0,123.0,147333.0,123.0,0.0,0,0.0,0.0,0.0,0.0,0.9999999999993212,8.130081052826199e-10,,,,74,12,0.2965807277381605,unet,0
199.0,43.0,740.0,146474.0,939.0,242.0,0,0.337002540191617,0.2026476578205043,0.8223140492469777,0.2119275825120418,0.9997065186968067,0.40982218463930387,36.66445142454662,10.251588153447857,0.528957528957529,74,13,0.2965807277381605,unet,0
201.0,220.0,542.0,146493.0,743.0,421.0,0,0.3453608247125978,0.20872274141134758,0.47743467922151195,0.2705248990214637,0.9985004737133052,0.7233676976182675,17.9279983802943,6.234411347700503,0.4721189591078067,74,14,0.2965807277381605,unet,0
36.0,9.0,588.0,146823.0,624.0,45.0,0,0.10762331836956304,0.05687203790570742,0.7999999982222222,0.05769230768306213,0.9999387054586194,0.13452914811143057,33.19896817049919,12.860104416450536,0.20710059171597633,74,15,0.2965807277381605,unet,0
0.0,106.0,0.0,147350.0,0.0,106.0,1,0.0,0.0,0.0,1.0,0.9992811414923779,0.0,,,,74,16,0.2965807277381605,unet,0
0.0,0.0,126.0,147330.0,126.0,0.0,0,0.0,0.0,0.0,0.0,0.9999999999993212,7.936507007144655e-10,,,,74,17,0.2965807277381605,unet,0
0.0,0.0,268.0,147188.0,268.0,0.0,0,0.0,0.0,0.0,0.0,0.9999999999993205,3.73134412257059e-10,,,,74,18,0.2965807277381605,unet,0
109.0,14.0,209.0,147124.0,318.0,123.0,0,0.494331065647544,0.32831325291315866,0.8861788610681474,0.3427672954896958,0.9999048512274192,0.5578231293519675,18.229370278134503,4.258667097148928,0.6031746031746031,74,19,0.2965807277381605,unet,0
70.0,19.0,143.0,147224.0,213.0,89.0,0,0.4635761587868953,0.301724137800981,0.7865168530488575,0.32863849749829177,0.9998709616070035,0.5894039736458927,6.888420770281584,2.027369700827715,0.7291666666666666,74,20,0.2965807277381605,unet,0
65.0,0.0,175.0,147216.0,240.0,65.0,0,0.4262295080569739,0.27083333322048614,0.9999999984615385,0.27083333322048614,0.9999999999993208,0.42622950838484286,6.799812246246156,2.3758352508440117,0.6428571428571429,74,21,0.2965807277381605,unet,0
40.0,10.0,112.0,147294.0,152.0,50.0,0,0.39603960376433683,0.2469135800944978,0.7999999984,0.2631578945637119,0.999932113180226,0.49504950520047053,9.74991982719962,3.0138662978469797,0.5737704918032787,74,22,0.2965807277381605,unet,0
91.0,16.0,73.0,147276.0,164.0,107.0,0,0.6715867156193407,0.5055555552746914,0.850467288924797,0.5548780484421475,0.9998913722394971,0.7896678967565801,6.155621980077333,1.5637375848975934,0.7413793103448276,74,23,0.2965807277381605,unet,0
0.0,0.0,165.0,147291.0,165.0,0.0,0,0.0,0.0,0.0,0.0,0.9999999999993211,6.060605350910464e-10,,,,74,24,0.2965807277381605,unet,0
0.0,0.0,0.0,147456.0,0.0,0.0,1,1.0,1.0,1.0,1.0,0.9999999999993219,1.0,,,,74,25,0.2965807277381605,unet,0
0.0,0.0,0.0,147456.0,0.0,0.0,1,1.0,1.0,1.0,1.0,0.9999999999993219,1.0,,,,74,26,0.2965807277381605,unet,0
0.0,0.0,0.0,147456.0,0.0,0.0,1,1.0,1.0,1.0,1.0,0.9999999999993219,1.0,,,,74,27,0.2965807277381605,unet,0
0.0,0.0,0.0,147456.0,0.0,0.0,1,1.0,1.0,1.0,1.0,0.9999999999993219,1.0,,,,74,28,0.2965807277381605,unet,0
0.0,0.0,0.0,147456.0,0.0,0.0,1,1.0,1.0,1.0,1.0,0.9999999999993219,1.0,,,,74,29,0.2965807277381605,unet,0
0.0,0.0,0.0,147456.0,0.0,0.0,1,1.0,1.0,1.0,1.0,0.9999999999993219,1.0,,,,74,30,0.2965807277381605,unet,0
0.0,0.0,0.0,147456.0,0.0,0.0,1,1.0,1.0,1.0,1.0,0.9999999999993219,1.0,,,,74,31,0.2965807277381605,unet,0
0.0,0.0,0.0,147456.0,0.0,0.0,1,1.0,1.0,1.0,1.0,0.9999999999993219,1.0,,,,74,32,0.2965807277381605,unet,0
0.0,0.0,0.0,147456.0,0.0,0.0,1,1.0,1.0,1.0,1.0,0.9999999999993219,1.0,,,,74,33,0.2965807277381605,unet,0
0.0,0.0,0.0,147456.0,0.0,0.0,1,1.0,1.0,1.0,1.0,0.9999999999993219,1.0,,,,74,34,0.2965807277381605,unet,0
0.0,0.0,0.0,147456.0,0.0,0.0,1,1.0,1.0,1.0,1.0,0.9999999999993219,1.0,,,,74,35,0.2965807277381605,unet,0
0.0,0.0,0.0,147456.0,0.0,0.0,1,1.0,1.0,1.0,1.0,0.9999999999993219,1.0,,,,74,36,0.2965807277381605,unet,0
0.0,0.0,0.0,147456.0,0.0,0.0,1,1.0,1.0,1.0,1.0,0.9999999999993219,1.0,,,,74,37,0.2965807277381605,unet,0
0.0,0.0,0.0,147456.0,0.0,0.0,1,1.0,1.0,1.0,1.0,0.9999999999993219,1.0,,,,74,38,0.2965807277381605,unet,0
0.0,0.0,0.0,147456.0,0.0,0.0,1,1.0,1.0,1.0,1.0,0.9999999999993219,1.0,,,,75,0,0.8739794534992318,unet,0
0.0,0.0,0.0,147456.0,0.0,0.0,1,1.0,1.0,1.0,1.0,0.9999999999993219,1.0,,,,75,1,0.8739794534992318,unet,0
0.0,0.0,0.0,147456.0,0.0,0.0,1,1.0,1.0,1.0,1.0,0.9999999999993219,1.0,,,,75,2,0.8739794534992318,unet,0
0.0,0.0,0.0,147456.0,0.0,0.0,1,1.0,1.0,1.0,1.0,0.9999999999993219,1.0,,,,75,3,0.8739794534992318,unet,0
0.0,0.0,0.0,147456.0,0.0,0.0,1,1.0,1.0,1.0,1.0,0.9999999999993219,1.0,,,,75,4,0.8739794534992318,unet,0
0.0,0.0,0.0,147456.0,0.0,0.0,1,1.0,1.0,1.0,1.0,0.9999999999993219,1.0,,,,75,5,0.8739794534992318,unet,0
0.0,0.0,0.0,147456.0,0.0,0.0,1,1.0,1.0,1.0,1.0,0.9999999999993219,1.0,,,,75,6,0.8739794534992318,unet,0
0.0,0.0,0.0,147456.0,0.0,0.0,1,1.0,1.0,1.0,1.0,0.9999999999993219,1.0,,,,75,7,0.8739794534992318,unet,0
0.0,0.0,0.0,147456.0,0.0,0.0,1,1.0,1.0,1.0,1.0,0.9999999999993219,1.0,,,,75,8,0.8739794534992318,unet,0
0.0,0.0,0.0,147456.0,0.0,0.0,1,1.0,1.0,1.0,1.0,0.9999999999993219,1.0,,,,75,9,0.8739794534992318,unet,0
0.0,58.0,0.0,147398.0,0.0,58.0,1,0.0,0.0,0.0,1.0,0.9996066623257109,0.0,,,,75,10,0.8739794534992318,unet,0
0.0,0.0,0.0,147456.0,0.0,0.0,1,1.0,1.0,1.0,1.0,0.9999999999993219,1.0,,,,75,11,0.8739794534992318,unet,0
0.0,0.0,0.0,147456.0,0.0,0.0,1,1.0,1.0,1.0,1.0,0.9999999999993219,1.0,,,,75,12,0.8739794534992318,unet,0
0.0,0.0,0.0,147456.0,0.0,0.0,1,1.0,1.0,1.0,1.0,0.9999999999993219,1.0,,,,75,13,0.8739794534992318,unet,0
0.0,0.0,0.0,147456.0,0.0,0.0,1,1.0,1.0,1.0,1.0,0.9999999999993219,1.0,,,,75,14,0.8739794534992318,unet,0
0.0,164.0,271.0,147021.0,271.0,164.0,0,0.0,0.0,0.0,0.0,0.998885756020655,0.7540229885622936,85.18355629769123,80.65247688109227,0.0,75,15,0.8739794534992318,unet,0
0.0,0.0,568.0,146888.0,568.0,0.0,0,0.0,0.0,0.0,0.0,0.9999999999993192,1.760562806651933e-10,,,,75,16,0.8739794534992318,unet,0
992.0,6.0,502.0,145956.0,1494.0,998.0,0,0.7961476725202188,0.6613333332892444,0.9939879758523058,0.6639892904508709,0.9999588934099286,0.8009630818699454,3.9665483413256353,1.6230509288187605,0.6327868852459017,75,17,0.8739794534992318,unet,0
1960.0,28.0,379.0,145089.0,2339.0,1988.0,0,0.9059394499443971,0.8280523869527651,0.9859154929081531,0.8379649422472012,0.9998070522399168,0.9188814421095706,3.791723756024149,1.0319154147419873,0.8940217391304348,75,18,0.8739794534992318,unet,0
2595.0,157.0,494.0,144210.0,3089.0,2752.0,0,0.8885464817516086,0.7994454713247244,0.9429505813610847,0.840077695019745,0.9989124938517813,0.9423043999325064,6.737984996969013,1.4605028547295869,0.8276643990929705,75,19,0.8739794534992318,unet,0
3758.0,190.0,424.0,143084.0,4182.0,3948.0,0,0.9244772447610765,0.859560841700376,0.9518743667438735,0.898613103756609,0.998673869647669,0.9712177121774758,5.021240999264018,1.1469939169660521,0.8372943327239488,75,20,0.8739794534992318,unet,0
4453.0,214.0,277.0,142512.0,4730.0,4667.0,0,0.9477492816755586,0.9006877022471544,0.9541461323986684,0.941437632115403,0.9985006235717399,0.9932957326807141,2.604166567325592,0.8295900459860428,0.9319371727748691,75,21,0.8739794534992318,unet,0
4708.0,298.0,580.0,141870.0,5288.0,5006.0,0,0.9147075966493616,0.8428213390468525,0.9404714342600785,0.8903177004370213,0.9979038883567344,0.9726054012048513,92.58571812072503,6.746391012003918,0.8026315789473685,75,22,0.8739794534992318,unet,0
4750.0,116.0,845.0,141745.0,5595.0,4866.0,0,0.9081349775269273,0.831728243725587,0.9761611179413038,0.8489722966783025,0.999182298164401,0.9303125896192495,9.882117311053312,1.8958442246926084,0.7446808510638298,75,23,0.8739794534992318,unet,0
4575.0,40.0,845.0,141996.0,5420.0,4615.0,0,0.9118086696471169,0.8379120878967415,0.9913326110294403,0.8440959409438359,0.9997183812547525,0.919780767315199,3.294039103684437,1.2996589682658082,0.7484276729559748,75,24,0.8739794534992318,unet,0
4049.0,104.0,615.0,142688.0,4664.0,4153.0,0,0.9184529885344396,0.8492030201164178,0.9749578617631843,0.8681389365165494,0.9992716678798537,0.9420437790638307,2.604166567325592,1.0207452797199297,0.7692307692307693,75,25,0.8739794534992318,unet,0
3685.0,38.0,1673.0,142060.0,5358.0,3723.0,0,0.8115846272347584,0.6829132690755576,0.9897931775184048,0.6877566255937335,0.9997325789237007,0.8199537495890326,10.311973498933233,2.5226881269317163,0.538961038961039,75,26,0.8739794534992318,unet,0
3477.0,45.0,1064.0,142870.0,4541.0,3522.0,0,0.8624581421200241,0.7581770606027437,0.9872231686261436,0.765690376552176,0.9996851275226536,0.8736202406068012,6.256487728021,1.825066283127432,0.630114566284779,75,27,0.8739794534992318,unet,0
2736.0,39.0,925.0,143756.0,3661.0,2775.0,0,0.8502175264007114,0.7394594594394741,0.9859459459104164,0.7473367932054812,0.9997287805549568,0.8623368551916977,6.265138349940439,1.7878691329184964,0.6377358490566037,75,28,0.8739794534992318,unet,0
1777.0,74.0,646.0,144959.0,2423.0,1851.0,0,0.8315395413937403,0.7116539847532378,0.9600216098887075,0.7333883615050191,0.9994897712927406,0.8661675245702816,7.882122794815791,1.697055914568566,0.7214611872146118,75,29,0.8739794534992318,unet,0
0.0,0.0,870.0,146586.0,870.0,0.0,0,0.0,0.0,0.0,0.0,0.9999999999993178,1.1494249996246708e-10,,,,75,30,0.8739794534992318,unet,0
0.0,0.0,0.0,147456.0,0.0,0.0,1,1.0,1.0,1.0,1.0,0.9999999999993219,1.0,,,,75,31,0.8739794534992318,unet,0
0.0,0.0,0.0,147456.0,0.0,0.0,1,1.0,1.0,1.0,1.0,0.9999999999993219,1.0,,,,75,32,0.8739794534992318,unet,0
0.0,0.0,0.0,147456.0,0.0,0.0,1,1.0,1.0,1.0,1.0,0.9999999999993219,1.0,,,,75,33,0.8739794534992318,unet,0
0.0,0.0,0.0,147456.0,0.0,0.0,1,1.0,1.0,1.0,1.0,0.9999999999993219,1.0,,,,75,34,0.8739794534992318,unet,0
0.0,0.0,0.0,147456.0,0.0,0.0,1,1.0,1.0,1.0,1.0,0.9999999999993219,1.0,,,,75,35,0.8739794534992318,unet,0
0.0,0.0,0.0,147456.0,0.0,0.0,1,1.0,1.0,1.0,1.0,0.9999999999993219,1.0,,,,76,0,0.07442777806612343,unet,0
0.0,0.0,0.0,147456.0,0.0,0.0,1,1.0,1.0,1.0,1.0,0.9999999999993219,1.0,,,,76,1,0.07442777806612343,unet,0
0.0,0.0,0.0,147456.0,0.0,0.0,1,1.0,1.0,1.0,1.0,0.9999999999993219,1.0,,,,76,2,0.07442777806612343,unet,0
0.0,0.0,0.0,147456.0,0.0,0.0,1,1.0,1.0,1.0,1.0,0.9999999999993219,1.0,,,,76,3,0.07442777806612343,unet,0
0.0,0.0,0.0,147456.0,0.0,0.0,1,1.0,1.0,1.0,1.0,0.9999999999993219,1.0,,,,76,4,0.07442777806612343,unet,0
0.0,0.0,0.0,147456.0,0.0,0.0,1,1.0,1.0,1.0,1.0,0.9999999999993219,1.0,,,,76,5,0.07442777806612343,unet,0
0.0,0.0,0.0,147456.0,0.0,0.0,1,1.0,1.0,1.0,1.0,0.9999999999993219,1.0,,,,76,6,0.07442777806612343,unet,0
0.0,0.0,0.0,147456.0,0.0,0.0,1,1.0,1.0,1.0,1.0,0.9999999999993219,1.0,,,,76,7,0.07442777806612343,unet,0
0.0,0.0,0.0,147456.0,0.0,0.0,1,1.0,1.0,1.0,1.0,0.9999999999993219,1.0,,,,76,8,0.07442777806612343,unet,0
0.0,0.0,0.0,147456.0,0.0,0.0,1,1.0,1.0,1.0,1.0,0.9999999999993219,1.0,,,,76,9,0.07442777806612343,unet,0
0.0,0.0,0.0,147456.0,0.0,0.0,1,1.0,1.0,1.0,1.0,0.9999999999993219,1.0,,,,76,10,0.07442777806612343,unet,0
0.0,0.0,0.0,147456.0,0.0,0.0,1,1.0,1.0,1.0,1.0,0.9999999999993219,1.0,,,,76,11,0.07442777806612343,unet,0
0.0,0.0,0.0,147456.0,0.0,0.0,1,1.0,1.0,1.0,1.0,0.9999999999993219,1.0,,,,76,12,0.07442777806612343,unet,0
0.0,0.0,0.0,147456.0,0.0,0.0,1,1.0,1.0,1.0,1.0,0.9999999999993219,1.0,,,,76,13,0.07442777806612343,unet,0
0.0,0.0,0.0,147456.0,0.0,0.0,1,1.0,1.0,1.0,1.0,0.9999999999993219,1.0,,,,76,14,0.07442777806612343,unet,0
0.0,0.0,0.0,147456.0,0.0,0.0,1,1.0,1.0,1.0,1.0,0.9999999999993219,1.0,,,,76,15,0.07442777806612343,unet,0
0.0,0.0,0.0,147456.0,0.0,0.0,1,1.0,1.0,1.0,1.0,0.9999999999993219,1.0,,,,76,16,0.07442777806612343,unet,0
0.0,0.0,0.0,147456.0,0.0,0.0,1,1.0,1.0,1.0,1.0,0.9999999999993219,1.0,,,,76,17,0.07442777806612343,unet,0
0.0,0.0,0.0,147456.0,0.0,0.0,1,1.0,1.0,1.0,1.0,0.9999999999993219,1.0,,,,76,18,0.07442777806612343,unet,0
0.0,0.0,0.0,147456.0,0.0,0.0,1,1.0,1.0,1.0,1.0,0.9999999999993219,1.0,,,,76,19,0.07442777806612343,unet,0
0.0,0.0,0.0,147456.0,0.0,0.0,1,1.0,1.0,1.0,1.0,0.9999999999993219,1.0,,,,76,20,0.07442777806612343,unet,0
0.0,0.0,0.0,147456.0,0.0,0.0,1,1.0,1.0,1.0,1.0,0.9999999999993219,1.0,,,,76,21,0.07442777806612343,unet,0
0.0,0.0,0.0,147456.0,0.0,0.0,1,1.0,1.0,1.0,1.0,0.9999999999993219,1.0,,,,76,22,0.07442777806612343,unet,0
0.0,0.0,0.0,147456.0,0.0,0.0,1,1.0,1.0,1.0,1.0,0.9999999999993219,1.0,,,,76,23,0.07442777806612343,unet,0
0.0,0.0,0.0,147456.0,0.0,0.0,1,1.0,1.0,1.0,1.0,0.9999999999993219,1.0,,,,76,24,0.07442777806612343,unet,0
0.0,0.0,0.0,147456.0,0.0,0.0,1,1.0,1.0,1.0,1.0,0.9999999999993219,1.0,,,,76,25,0.07442777806612343,unet,0
0.0,0.0,0.0,147456.0,0.0,0.0,1,1.0,1.0,1.0,1.0,0.9999999999993219,1.0,,,,76,26,0.07442777806612343,unet,0
0.0,0.0,264.0,147192.0,264.0,0.0,0,0.0,0.0,0.0,0.0,0.9999999999993207,3.787880009653577e-10,,,,76,27,0.07442777806612343,unet,0
0.0,1247.0,0.0,146209.0,0.0,1247.0,1,0.0,0.0,0.0,1.0,0.9915432400166887,0.0,,,,76,28,0.07442777806612343,unet,0
0.0,850.0,169.0,146437.0,169.0,850.0,0,0.0,0.0,0.0,0.0,0.9942289543537487,0.3316977429507657,120.00209399745532,113.65727781274471,0.0,76,29,0.07442777806612343,unet,0
92.0,821.0,168.0,146375.0,260.0,913.0,0,0.1568627450846664,0.08510638297085046,0.10076670316530485,0.3538461537100591,0.9944224027820088,0.44330775793322186,58.074463190366,20.095055974585602,0.1791530944625407,76,30,0.07442777806612343,unet,0
174.0,541.0,47.0,146694.0,221.0,715.0,0,0.37179487175515014,0.22834645666294667,0.24335664332260748,0.7873303163858234,0.9963256019282125,0.47222222227860877,25.358533066932594,7.581976604492567,0.38235294117647056,76,31,0.07442777806612343,unet,0
156.0,564.0,208.0,146528.0,364.0,720.0,0,0.28782287820223035,0.16810344825774748,0.21666666663657408,0.4285714284536891,0.9961656650252929,0.6715867158974551,25.545911227176237,6.659228135671747,0.3615819209039548,76,32,0.07442777806612343,unet,0
15.0,900.0,872.0,145669.0,887.0,915.0,0,0.016648168700518967,0.008393956350957249,0.016393442621159188,0.016910935736537663,0.9938595473797366,0.9844617092128489,126.1974643217689,50.22283167341908,0.074,76,33,0.07442777806612343,unet,0
138.0,1223.0,1160.0,144935.0,1298.0,1361.0,0,0.10379842045491544,0.054740182465103523,0.1013960323217196,0.10631741139396629,0.9916323430800972,0.976306882287465,126.46469836982357,42.273425925548786,0.2023047375160051,76,34,0.07442777806612343,unet,0
22.0,941.0,937.0,145556.0,959.0,963.0,0,0.02289281997799725,0.011578947367811634,0.022845275179351476,0.022940563084156356,0.9935766602722284,0.9979188345474548,91.98393947462415,27.984068281376004,0.06884057971014493,76,35,0.07442777806612343,unet,0
120.0,712.0,813.0,145811.0,933.0,832.0,0,0.13597733710277748,0.07294832826304265,0.1442307692134338,0.1286173633302661,0.9951406946342928,0.9427762039692478,104.94262664340195,27.470606135882957,0.2011173184357542,76,36,0.07442777806612343,unet,0
0.0,473.0,1072.0,145911.0,1072.0,473.0,0,0.0,0.0,0.0,0.0,0.9967687725427664,0.6122977346529257,112.16870873445134,44.37161167174592,0.0,76,37,0.07442777806612343,unet,0
0.0,0.0,1101.0,146355.0,1101.0,0.0,0,0.0,0.0,0.0,0.0,0.9999999999993168,9.082656848846682e-11,,,,76,38,0.07442777806612343,unet,0
0.0,0.0,487.0,146969.0,487.0,0.0,0,0.0,0.0,0.0,0.0,0.9999999999993195,2.0533885702889165e-10,,,,76,39,0.07442777806612343,unet,0
0.0,0.0,761.0,146695.0,761.0,0.0,0,0.0,0.0,0.0,0.0,0.9999999999993183,1.3140599719463353e-10,,,,76,40,0.07442777806612343,unet,0
0.0,0.0,583.0,146873.0,583.0,0.0,0,0.0,0.0,0.0,0.0,0.9999999999993191,1.7152657072472266e-10,,,,76,41,0.07442777806612343,unet,0
0.0,0.0,0.0,147456.0,0.0,0.0,1,1.0,1.0,1.0,1.0,0.9999999999993219,1.0,,,,76,42,0.07442777806612343,unet,0
0.0,0.0,0.0,147456.0,0.0,0.0,1,1.0,1.0,1.0,1.0,0.9999999999993219,1.0,,,,76,43,0.07442777806612343,unet,0
0.0,193.0,0.0,147263.0,0.0,193.0,1,0.0,0.0,0.0,1.0,0.9986911349819616,0.0,,,,76,44,0.07442777806612343,unet,0
0.0,726.0,0.0,146730.0,0.0,726.0,1,0.0,0.0,0.0,1.0,0.9950764973951585,0.0,,,,76,45,0.07442777806612343,unet,0
0.0,0.0,0.0,147456.0,0.0,0.0,1,1.0,1.0,1.0,1.0,0.9999999999993219,1.0,,,,76,46,0.07442777806612343,unet,0
0.0,0.0,0.0,147456.0,0.0,0.0,1,1.0,1.0,1.0,1.0,0.9999999999993219,1.0,,,,76,47,0.07442777806612343,unet,0
0.0,0.0,0.0,147456.0,0.0,0.0,1,1.0,1.0,1.0,1.0,0.9999999999993219,1.0,,,,76,48,0.07442777806612343,unet,0
0.0,0.0,0.0,147456.0,0.0,0.0,1,1.0,1.0,1.0,1.0,0.9999999999993219,1.0,,,,76,49,0.07442777806612343,unet,0
0.0,0.0,0.0,147456.0,0.0,0.0,1,1.0,1.0,1.0,1.0,0.9999999999993219,1.0,,,,76,50,0.07442777806612343,unet,0
0.0,0.0,0.0,147456.0,0.0,0.0,1,1.0,1.0,1.0,1.0,0.9999999999993219,1.0,,,,80,0,0.12079439252336449,unet,0
0.0,0.0,0.0,147456.0,0.0,0.0,1,1.0,1.0,1.0,1.0,0.9999999999993219,1.0,,,,80,1,0.12079439252336449,unet,0
0.0,0.0,0.0,147456.0,0.0,0.0,1,1.0,1.0,1.0,1.0,0.9999999999993219,1.0,,,,80,2,0.12079439252336449,unet,0
0.0,0.0,0.0,147456.0,0.0,0.0,1,1.0,1.0,1.0,1.0,0.9999999999993219,1.0,,,,80,3,0.12079439252336449,unet,0
0.0,0.0,0.0,147456.0,0.0,0.0,1,1.0,1.0,1.0,1.0,0.9999999999993219,1.0,,,,80,4,0.12079439252336449,unet,0
0.0,0.0,0.0,147456.0,0.0,0.0,1,1.0,1.0,1.0,1.0,0.9999999999993219,1.0,,,,80,5,0.12079439252336449,unet,0
0.0,0.0,0.0,147456.0,0.0,0.0,1,1.0,1.0,1.0,1.0,0.9999999999993219,1.0,,,,80,6,0.12079439252336449,unet,0
0.0,0.0,76.0,147380.0,76.0,0.0,0,0.0,0.0,0.0,0.0,0.9999999999993214,1.3157893663517939e-09,,,,80,7,0.12079439252336449,unet,0
0.0,0.0,579.0,146877.0,579.0,0.0,0,0.0,0.0,0.0,0.0,0.9999999999993191,1.727115117589051e-10,,,,80,8,0.12079439252336449,unet,0
0.0,0.0,628.0,146828.0,628.0,0.0,0,0.0,0.0,0.0,0.0,0.9999999999993189,1.5923562468600494e-10,,,,80,9,0.12079439252336449,unet,0
0.0,0.0,0.0,147456.0,0.0,0.0,1,1.0,1.0,1.0,1.0,0.9999999999993219,1.0,,,,80,10,0.12079439252336449,unet,0
0.0,0.0,0.0,147456.0,0.0,0.0,1,1.0,1.0,1.0,1.0,0.9999999999993219,1.0,,,,80,11,0.12079439252336449,unet,0
0.0,0.0,344.0,147112.0,344.0,0.0,0,0.0,0.0,0.0,0.0,0.9999999999993202,2.9069768814338204e-10,,,,80,12,0.12079439252336449,unet,0
137.0,28.0,2184.0,145107.0,2321.0,165.0,0,0.11021721640747317,0.05832269050411568,0.8303030297998164,0.059026281772553806,0.999807076169773,0.13274336286674393,88.96502150259369,43.82389923967069,0.1091703056768559,80,13,0.12079439252336449,unet,0
251.0,5.0,1524.0,145676.0,1775.0,256.0,0,0.2471688823118085,0.1410112359471342,0.9804687496170043,0.14140845069625868,0.9999656784337011,0.2520925652756233,80.4700478874568,34.754884882961576,0.18829516539440203,80,14,0.12079439252336449,unet,0
129.0,22.0,456.0,146849.0,585.0,151.0,0,0.3505434782132414,0.21252059304571325,0.8543046351958248,0.22051282047512602,0.9998502086858536,0.4103260870366404,52.05432880671451,17.085179806214324,0.32926829268292684,80,15,0.12079439252336449,unet,0
0.0,0.0,601.0,146855.0,601.0,0.0,0,0.0,0.0,0.0,0.0,0.9999999999993191,1.6638934674517714e-10,,,,80,16,0.12079439252336449,unet,0
0.0,123.0,371.0,146962.0,371.0,123.0,0,0.0,0.0,0.0,0.0,0.9991637488520249,0.4979757086036487,94.05732407177969,58.90975722028394,0.0,80,17,0.12079439252336449,unet,0
0.0,81.0,263.0,147112.0,263.0,81.0,0,0.0,0.0,0.0,0.0,0.9994497020911324,0.4709302327119389,62.17687944510707,55.7584253704047,0.0,80,18,0.12079439252336449,unet,0
0.0,52.0,74.0,147330.0,74.0,52.0,0,0.0,0.0,0.0,0.0,0.9996471753667343,0.8253968255353994,63.58782075170747,59.65328331435674,0.0,80,19,0.12079439252336449,unet,0
0.0,115.0,0.0,147341.0,0.0,115.0,1,0.0,0.0,0.0,1.0,0.9992201063361279,0.0,,,,80,20,0.12079439252336449,unet,0
0.0,0.0,0.0,147456.0,0.0,0.0,1,1.0,1.0,1.0,1.0,0.9999999999993219,1.0,,,,80,21,0.12079439252336449,unet,0
0.0,0.0,0.0,147456.0,0.0,0.0,1,1.0,1.0,1.0,1.0,0.9999999999993219,1.0,,,,80,22,0.12079439252336449,unet,0
0.0,0.0,0.0,147456.0,0.0,0.0,1,1.0,1.0,1.0,1.0,0.9999999999993219,1.0,,,,80,23,0.12079439252336449,unet,0
0.0,0.0,0.0,147456.0,0.0,0.0,1,1.0,1.0,1.0,1.0,0.9999999999993219,1.0,,,,80,24,0.12079439252336449,unet,0
0.0,0.0,0.0,147456.0,0.0,0.0,1,1.0,1.0,1.0,1.0,0.9999999999993219,1.0,,,,80,25,0.12079439252336449,unet,0
0.0,0.0,0.0,147456.0,0.0,0.0,1,1.0,1.0,1.0,1.0,0.9999999999993219,1.0,,,,80,26,0.12079439252336449,unet,0
0.0,0.0,0.0,147456.0,0.0,0.0,1,1.0,1.0,1.0,1.0,0.9999999999993219,1.0,,,,80,27,0.12079439252336449,unet,0
0.0,0.0,0.0,147456.0,0.0,0.0,1,1.0,1.0,1.0,1.0,0.9999999999993219,1.0,,,,80,28,0.12079439252336449,unet,0
0.0,0.0,0.0,147456.0,0.0,0.0,1,1.0,1.0,1.0,1.0,0.9999999999993219,1.0,,,,80,29,0.12079439252336449,unet,0
0.0,0.0,0.0,147456.0,0.0,0.0,1,1.0,1.0,1.0,1.0,0.9999999999993219,1.0,,,,80,30,0.12079439252336449,unet,0
0.0,0.0,0.0,147456.0,0.0,0.0,1,1.0,1.0,1.0,1.0,0.9999999999993219,1.0,,,,80,31,0.12079439252336449,unet,0
0.0,0.0,0.0,147456.0,0.0,0.0,1,1.0,1.0,1.0,1.0,0.9999999999993219,1.0,,,,80,32,0.12079439252336449,unet,0
0.0,0.0,0.0,147456.0,0.0,0.0,1,1.0,1.0,1.0,1.0,0.9999999999993219,1.0,,,,98,0,,unet,0
0.0,0.0,0.0,147456.0,0.0,0.0,1,1.0,1.0,1.0,1.0,0.9999999999993219,1.0,,,,98,1,,unet,0
0.0,0.0,0.0,147456.0,0.0,0.0,1,1.0,1.0,1.0,1.0,0.9999999999993219,1.0,,,,98,2,,unet,0
0.0,0.0,0.0,147456.0,0.0,0.0,1,1.0,1.0,1.0,1.0,0.9999999999993219,1.0,,,,98,3,,unet,0
0.0,0.0,0.0,147456.0,0.0,0.0,1,1.0,1.0,1.0,1.0,0.9999999999993219,1.0,,,,98,4,,unet,0
0.0,0.0,0.0,147456.0,0.0,0.0,1,1.0,1.0,1.0,1.0,0.9999999999993219,1.0,,,,98,5,,unet,0
0.0,0.0,0.0,147456.0,0.0,0.0,1,1.0,1.0,1.0,1.0,0.9999999999993219,1.0,,,,98,6,,unet,0
0.0,0.0,0.0,147456.0,0.0,0.0,1,1.0,1.0,1.0,1.0,0.9999999999993219,1.0,,,,98,7,,unet,0
0.0,0.0,0.0,147456.0,0.0,0.0,1,1.0,1.0,1.0,1.0,0.9999999999993219,1.0,,,,98,8,,unet,0
0.0,0.0,0.0,147456.0,0.0,0.0,1,1.0,1.0,1.0,1.0,0.9999999999993219,1.0,,,,98,9,,unet,0
0.0,0.0,0.0,147456.0,0.0,0.0,1,1.0,1.0,1.0,1.0,0.9999999999993219,1.0,,,,98,10,,unet,0
0.0,0.0,0.0,147456.0,0.0,0.0,1,1.0,1.0,1.0,1.0,0.9999999999993219,1.0,,,,98,11,,unet,0
0.0,0.0,0.0,147456.0,0.0,0.0,1,1.0,1.0,1.0,1.0,0.9999999999993219,1.0,,,,98,12,,unet,0
0.0,0.0,0.0,147456.0,0.0,0.0,1,1.0,1.0,1.0,1.0,0.9999999999993219,1.0,,,,98,13,,unet,0
0.0,0.0,0.0,147456.0,0.0,0.0,1,1.0,1.0,1.0,1.0,0.9999999999993219,1.0,,,,98,14,,unet,0
0.0,0.0,0.0,147456.0,0.0,0.0,1,1.0,1.0,1.0,1.0,0.9999999999993219,1.0,,,,98,15,,unet,0
0.0,0.0,0.0,147456.0,0.0,0.0,1,1.0,1.0,1.0,1.0,0.9999999999993219,1.0,,,,98,16,,unet,0
0.0,0.0,0.0,147456.0,0.0,0.0,1,1.0,1.0,1.0,1.0,0.9999999999993219,1.0,,,,98,17,,unet,0
0.0,0.0,0.0,147456.0,0.0,0.0,1,1.0,1.0,1.0,1.0,0.9999999999993219,1.0,,,,98,18,,unet,0
0.0,0.0,0.0,147456.0,0.0,0.0,1,1.0,1.0,1.0,1.0,0.9999999999993219,1.0,,,,98,19,,unet,0
0.0,0.0,0.0,147456.0,0.0,0.0,1,1.0,1.0,1.0,1.0,0.9999999999993219,1.0,,,,98,20,,unet,0
0.0,0.0,0.0,147456.0,0.0,0.0,1,1.0,1.0,1.0,1.0,0.9999999999993219,1.0,,,,98,21,,unet,0
0.0,0.0,0.0,147456.0,0.0,0.0,1,1.0,1.0,1.0,1.0,0.9999999999993219,1.0,,,,98,22,,unet,0
0.0,0.0,0.0,147456.0,0.0,0.0,1,1.0,1.0,1.0,1.0,0.9999999999993219,1.0,,,,98,23,,unet,0
0.0,0.0,0.0,147456.0,0.0,0.0,1,1.0,1.0,1.0,1.0,0.9999999999993219,1.0,,,,98,24,,unet,0
0.0,0.0,0.0,147456.0,0.0,0.0,1,1.0,1.0,1.0,1.0,0.9999999999993219,1.0,,,,98,25,,unet,0
0.0,0.0,0.0,147456.0,0.0,0.0,1,1.0,1.0,1.0,1.0,0.9999999999993219,1.0,,,,98,26,,unet,0
0.0,0.0,0.0,147456.0,0.0,0.0,1,1.0,1.0,1.0,1.0,0.9999999999993219,1.0,,,,98,27,,unet,0
0.0,0.0,0.0,147456.0,0.0,0.0,1,1.0,1.0,1.0,1.0,0.9999999999993219,1.0,,,,98,28,,unet,0
0.0,0.0,0.0,147456.0,0.0,0.0,1,1.0,1.0,1.0,1.0,0.9999999999993219,1.0,,,,98,29,,unet,0
0.0,0.0,0.0,147456.0,0.0,0.0,1,1.0,1.0,1.0,1.0,0.9999999999993219,1.0,,,,98,30,,unet,0
0.0,0.0,0.0,147456.0,0.0,0.0,1,1.0,1.0,1.0,1.0,0.9999999999993219,1.0,,,,98,31,,unet,0
0.0,0.0,0.0,147456.0,0.0,0.0,1,1.0,1.0,1.0,1.0,0.9999999999993219,1.0,,,,98,32,,unet,0
0.0,74.0,0.0,147382.0,0.0,74.0,1,0.0,0.0,0.0,1.0,0.9994981553812666,0.0,,,,98,33,,unet,0
0.0,62.0,0.0,147394.0,0.0,62.0,1,0.0,0.0,0.0,1.0,0.9995795355895999,0.0,,,,98,34,,unet,0
0.0,0.0,0.0,147456.0,0.0,0.0,1,1.0,1.0,1.0,1.0,0.9999999999993219,1.0,,,,98,35,,unet,0
0.0,0.0,0.0,147456.0,0.0,0.0,1,1.0,1.0,1.0,1.0,0.9999999999993219,1.0,,,,98,36,,unet,0
0.0,0.0,0.0,147456.0,0.0,0.0,1,1.0,1.0,1.0,1.0,0.9999999999993219,1.0,,,,98,37,,unet,0
0.0,0.0,0.0,147456.0,0.0,0.0,1,1.0,1.0,1.0,1.0,0.9999999999993219,1.0,,,,98,38,,unet,0
0.0,0.0,0.0,147456.0,0.0,0.0,1,1.0,1.0,1.0,1.0,0.9999999999993219,1.0,,,,98,39,,unet,0
0.0,0.0,0.0,147456.0,0.0,0.0,1,1.0,1.0,1.0,1.0,0.9999999999993219,1.0,,,,98,40,,unet,0
0.0,0.0,0.0,147456.0,0.0,0.0,1,1.0,1.0,1.0,1.0,0.9999999999993219,1.0,,,,98,41,,unet,0
0.0,0.0,0.0,147456.0,0.0,0.0,1,1.0,1.0,1.0,1.0,0.9999999999993219,1.0,,,,98,42,,unet,0
0.0,0.0,0.0,147456.0,0.0,0.0,1,1.0,1.0,1.0,1.0,0.9999999999993219,1.0,,,,98,43,,unet,0
0.0,0.0,0.0,147456.0,0.0,0.0,1,1.0,1.0,1.0,1.0,0.9999999999993219,1.0,,,,98,44,,unet,0
0.0,0.0,0.0,147456.0,0.0,0.0,1,1.0,1.0,1.0,1.0,0.9999999999993219,1.0,,,,98,45,,unet,0
0.0,0.0,0.0,147456.0,0.0,0.0,1,1.0,1.0,1.0,1.0,0.9999999999993219,1.0,,,,98,46,,unet,0
0.0,0.0,0.0,147456.0,0.0,0.0,1,1.0,1.0,1.0,1.0,0.9999999999993219,1.0,,,,98,47,,unet,0
0.0,0.0,0.0,147456.0,0.0,0.0,1,1.0,1.0,1.0,1.0,0.9999999999993219,1.0,,,,104,0,,unet,0
0.0,0.0,0.0,147456.0,0.0,0.0,1,1.0,1.0,1.0,1.0,0.9999999999993219,1.0,,,,104,1,,unet,0
0.0,0.0,0.0,147456.0,0.0,0.0,1,1.0,1.0,1.0,1.0,0.9999999999993219,1.0,,,,104,2,,unet,0
0.0,0.0,0.0,147456.0,0.0,0.0,1,1.0,1.0,1.0,1.0,0.9999999999993219,1.0,,,,104,3,,unet,0
0.0,0.0,0.0,147456.0,0.0,0.0,1,1.0,1.0,1.0,1.0,0.9999999999993219,1.0,,,,104,4,,unet,0
0.0,0.0,0.0,147456.0,0.0,0.0,1,1.0,1.0,1.0,1.0,0.9999999999993219,1.0,,,,104,5,,unet,0
0.0,0.0,0.0,147456.0,0.0,0.0,1,1.0,1.0,1.0,1.0,0.9999999999993219,1.0,,,,104,6,,unet,0
0.0,0.0,0.0,147456.0,0.0,0.0,1,1.0,1.0,1.0,1.0,0.9999999999993219,1.0,,,,104,7,,unet,0
0.0,0.0,0.0,147456.0,0.0,0.0,1,1.0,1.0,1.0,1.0,0.9999999999993219,1.0,,,,104,8,,unet,0
0.0,0.0,0.0,147456.0,0.0,0.0,1,1.0,1.0,1.0,1.0,0.9999999999993219,1.0,,,,104,9,,unet,0
0.0,0.0,0.0,147456.0,0.0,0.0,1,1.0,1.0,1.0,1.0,0.9999999999993219,1.0,,,,104,10,,unet,0
0.0,0.0,0.0,147456.0,0.0,0.0,1,1.0,1.0,1.0,1.0,0.9999999999993219,1.0,,,,104,11,,unet,0
0.0,0.0,0.0,147456.0,0.0,0.0,1,1.0,1.0,1.0,1.0,0.9999999999993219,1.0,,,,104,12,,unet,0
0.0,0.0,0.0,147456.0,0.0,0.0,1,1.0,1.0,1.0,1.0,0.9999999999993219,1.0,,,,104,13,,unet,0
0.0,162.0,0.0,147294.0,0.0,162.0,1,0.0,0.0,0.0,1.0,0.9989013671868225,0.0,,,,104,14,,unet,0
0.0,0.0,0.0,147456.0,0.0,0.0,1,1.0,1.0,1.0,1.0,0.9999999999993219,1.0,,,,104,15,,unet,0
0.0,0.0,0.0,147456.0,0.0,0.0,1,1.0,1.0,1.0,1.0,0.9999999999993219,1.0,,,,104,16,,unet,0
0.0,0.0,0.0,147456.0,0.0,0.0,1,1.0,1.0,1.0,1.0,0.9999999999993219,1.0,,,,104,17,,unet,0
0.0,0.0,0.0,147456.0,0.0,0.0,1,1.0,1.0,1.0,1.0,0.9999999999993219,1.0,,,,104,18,,unet,0
0.0,0.0,0.0,147456.0,0.0,0.0,1,1.0,1.0,1.0,1.0,0.9999999999993219,1.0,,,,104,19,,unet,0
0.0,0.0,0.0,147456.0,0.0,0.0,1,1.0,1.0,1.0,1.0,0.9999999999993219,1.0,,,,104,20,,unet,0
0.0,0.0,0.0,147456.0,0.0,0.0,1,1.0,1.0,1.0,1.0,0.9999999999993219,1.0,,,,104,21,,unet,0
0.0,0.0,0.0,147456.0,0.0,0.0,1,1.0,1.0,1.0,1.0,0.9999999999993219,1.0,,,,104,22,,unet,0
0.0,0.0,0.0,147456.0,0.0,0.0,1,1.0,1.0,1.0,1.0,0.9999999999993219,1.0,,,,104,23,,unet,0
0.0,0.0,0.0,147456.0,0.0,0.0,1,1.0,1.0,1.0,1.0,0.9999999999993219,1.0,,,,104,24,,unet,0
0.0,0.0,0.0,147456.0,0.0,0.0,1,1.0,1.0,1.0,1.0,0.9999999999993219,1.0,,,,104,25,,unet,0
0.0,0.0,0.0,147456.0,0.0,0.0,1,1.0,1.0,1.0,1.0,0.9999999999993219,1.0,,,,104,26,,unet,0
0.0,0.0,0.0,147456.0,0.0,0.0,1,1.0,1.0,1.0,1.0,0.9999999999993219,1.0,,,,104,27,,unet,0
0.0,0.0,0.0,147456.0,0.0,0.0,1,1.0,1.0,1.0,1.0,0.9999999999993219,1.0,,,,104,28,,unet,0
0.0,0.0,0.0,147456.0,0.0,0.0,1,1.0,1.0,1.0,1.0,0.9999999999993219,1.0,,,,104,29,,unet,0
0.0,0.0,0.0,147456.0,0.0,0.0,1,1.0,1.0,1.0,1.0,0.9999999999993219,1.0,,,,104,30,,unet,0
0.0,0.0,0.0,147456.0,0.0,0.0,1,1.0,1.0,1.0,1.0,0.9999999999993219,1.0,,,,108,0,,unet,0
0.0,0.0,0.0,147456.0,0.0,0.0,1,1.0,1.0,1.0,1.0,0.9999999999993219,1.0,,,,108,1,,unet,0
0.0,0.0,0.0,147456.0,0.0,0.0,1,1.0,1.0,1.0,1.0,0.9999999999993219,1.0,,,,108,2,,unet,0
0.0,0.0,0.0,147456.0,0.0,0.0,1,1.0,1.0,1.0,1.0,0.9999999999993219,1.0,,,,108,3,,unet,0
0.0,0.0,0.0,147456.0,0.0,0.0,1,1.0,1.0,1.0,1.0,0.9999999999993219,1.0,,,,108,4,,unet,0
0.0,0.0,0.0,147456.0,0.0,0.0,1,1.0,1.0,1.0,1.0,0.9999999999993219,1.0,,,,108,5,,unet,0
0.0,0.0,0.0,147456.0,0.0,0.0,1,1.0,1.0,1.0,1.0,0.9999999999993219,1.0,,,,108,6,,unet,0
0.0,0.0,0.0,147456.0,0.0,0.0,1,1.0,1.0,1.0,1.0,0.9999999999993219,1.0,,,,108,7,,unet,0
0.0,0.0,0.0,147456.0,0.0,0.0,1,1.0,1.0,1.0,1.0,0.9999999999993219,1.0,,,,108,8,,unet,0
0.0,0.0,0.0,147456.0,0.0,0.0,1,1.0,1.0,1.0,1.0,0.9999999999993219,1.0,,,,108,9,,unet,0
0.0,0.0,0.0,147456.0,0.0,0.0,1,1.0,1.0,1.0,1.0,0.9999999999993219,1.0,,,,108,10,,unet,0
0.0,0.0,0.0,147456.0,0.0,0.0,1,1.0,1.0,1.0,1.0,0.9999999999993219,1.0,,,,108,11,,unet,0
0.0,0.0,0.0,147456.0,0.0,0.0,1,1.0,1.0,1.0,1.0,0.9999999999993219,1.0,,,,108,12,,unet,0
0.0,0.0,0.0,147456.0,0.0,0.0,1,1.0,1.0,1.0,1.0,0.9999999999993219,1.0,,,,108,13,,unet,0
0.0,0.0,0.0,147456.0,0.0,0.0,1,1.0,1.0,1.0,1.0,0.9999999999993219,1.0,,,,108,14,,unet,0
0.0,0.0,0.0,147456.0,0.0,0.0,1,1.0,1.0,1.0,1.0,0.9999999999993219,1.0,,,,108,15,,unet,0
0.0,0.0,0.0,147456.0,0.0,0.0,1,1.0,1.0,1.0,1.0,0.9999999999993219,1.0,,,,108,16,,unet,0
0.0,0.0,0.0,147456.0,0.0,0.0,1,1.0,1.0,1.0,1.0,0.9999999999993219,1.0,,,,108,17,,unet,0
0.0,0.0,0.0,147456.0,0.0,0.0,1,1.0,1.0,1.0,1.0,0.9999999999993219,1.0,,,,108,18,,unet,0
0.0,123.0,0.0,147333.0,0.0,123.0,1,0.0,0.0,0.0,1.0,0.9991658528639057,0.0,,,,108,19,,unet,0
0.0,0.0,0.0,147456.0,0.0,0.0,1,1.0,1.0,1.0,1.0,0.9999999999993219,1.0,,,,108,20,,unet,0
0.0,0.0,0.0,147456.0,0.0,0.0,1,1.0,1.0,1.0,1.0,0.9999999999993219,1.0,,,,108,21,,unet,0
0.0,0.0,0.0,147456.0,0.0,0.0,1,1.0,1.0,1.0,1.0,0.9999999999993219,1.0,,,,108,22,,unet,0
0.0,0.0,0.0,147456.0,0.0,0.0,1,1.0,1.0,1.0,1.0,0.9999999999993219,1.0,,,,108,23,,unet,0
0.0,0.0,0.0,147456.0,0.0,0.0,1,1.0,1.0,1.0,1.0,0.9999999999993219,1.0,,,,108,24,,unet,0
0.0,0.0,0.0,147456.0,0.0,0.0,1,1.0,1.0,1.0,1.0,0.9999999999993219,1.0,,,,108,25,,unet,0
0.0,0.0,0.0,147456.0,0.0,0.0,1,1.0,1.0,1.0,1.0,0.9999999999993219,1.0,,,,108,26,,unet,0
0.0,0.0,0.0,147456.0,0.0,0.0,1,1.0,1.0,1.0,1.0,0.9999999999993219,1.0,,,,108,27,,unet,0
0.0,0.0,0.0,147456.0,0.0,0.0,1,1.0,1.0,1.0,1.0,0.9999999999993219,1.0,,,,108,28,,unet,0
0.0,0.0,0.0,147456.0,0.0,0.0,1,1.0,1.0,1.0,1.0,0.9999999999993219,1.0,,,,108,29,,unet,0
0.0,0.0,0.0,147456.0,0.0,0.0,1,1.0,1.0,1.0,1.0,0.9999999999993219,1.0,,,,108,30,,unet,0
0.0,0.0,0.0,147456.0,0.0,0.0,1,1.0,1.0,1.0,1.0,0.9999999999993219,1.0,,,,108,31,,unet,0
0.0,0.0,0.0,147456.0,0.0,0.0,1,1.0,1.0,1.0,1.0,0.9999999999993219,1.0,,,,108,32,,unet,0
0.0,0.0,0.0,147456.0,0.0,0.0,1,1.0,1.0,1.0,1.0,0.9999999999993219,1.0,,,,108,33,,unet,0
0.0,0.0,0.0,147456.0,0.0,0.0,1,1.0,1.0,1.0,1.0,0.9999999999993219,1.0,,,,108,34,,unet,0
0.0,0.0,0.0,147456.0,0.0,0.0,1,1.0,1.0,1.0,1.0,0.9999999999993219,1.0,,,,108,35,,unet,0
0.0,50.0,0.0,147406.0,0.0,50.0,1,0.0,0.0,0.0,1.0,0.9996609157979331,0.0,,,,108,36,,unet,0
0.0,0.0,0.0,147456.0,0.0,0.0,1,1.0,1.0,1.0,1.0,0.9999999999993219,1.0,,,,108,37,,unet,0
0.0,0.0,0.0,147456.0,0.0,0.0,1,1.0,1.0,1.0,1.0,0.9999999999993219,1.0,,,,108,38,,unet,0
0.0,55.0,0.0,147401.0,0.0,55.0,1,0.0,0.0,0.0,1.0,0.9996270073777943,0.0,,,,108,39,,unet,0
0.0,79.0,0.0,147377.0,0.0,79.0,1,0.0,0.0,0.0,1.0,0.9994642469611278,0.0,,,,108,40,,unet,0
0.0,0.0,0.0,147456.0,0.0,0.0,1,1.0,1.0,1.0,1.0,0.9999999999993219,1.0,,,,108,41,,unet,0
0.0,0.0,0.0,147456.0,0.0,0.0,1,1.0,1.0,1.0,1.0,0.9999999999993219,1.0,,,,108,42,,unet,0
0.0,0.0,0.0,147456.0,0.0,0.0,1,1.0,1.0,1.0,1.0,0.9999999999993219,1.0,,,,108,43,,unet,0
0.0,0.0,0.0,147456.0,0.0,0.0,1,1.0,1.0,1.0,1.0,0.9999999999993219,1.0,,,,108,44,,unet,0
0.0,0.0,0.0,147456.0,0.0,0.0,1,1.0,1.0,1.0,1.0,0.9999999999993219,1.0,,,,108,45,,unet,0
0.0,0.0,0.0,147456.0,0.0,0.0,1,1.0,1.0,1.0,1.0,0.9999999999993219,1.0,,,,108,46,,unet,0
0.0,0.0,0.0,147456.0,0.0,0.0,1,1.0,1.0,1.0,1.0,0.9999999999993219,1.0,,,,108,47,,unet,0
0.0,0.0,0.0,147456.0,0.0,0.0,1,1.0,1.0,1.0,1.0,0.9999999999993219,1.0,,,,108,48,,unet,0
0.0,0.0,0.0,147456.0,0.0,0.0,1,1.0,1.0,1.0,1.0,0.9999999999993219,1.0,,,,108,49,,unet,0
0.0,0.0,0.0,147456.0,0.0,0.0,1,1.0,1.0,1.0,1.0,0.9999999999993219,1.0,,,,108,50,,unet,0
0.0,0.0,0.0,147456.0,0.0,0.0,1,1.0,1.0,1.0,1.0,0.9999999999993219,1.0,,,,108,51,,unet,0
0.0,0.0,0.0,147456.0,0.0,0.0,1,1.0,1.0,1.0,1.0,0.9999999999993219,1.0,,,,108,52,,unet,0
0.0,0.0,0.0,147456.0,0.0,0.0,1,1.0,1.0,1.0,1.0,0.9999999999993219,1.0,,,,108,53,,unet,0
0.0,0.0,0.0,147456.0,0.0,0.0,1,1.0,1.0,1.0,1.0,0.9999999999993219,1.0,,,,108,54,,unet,0
0.0,0.0,0.0,147456.0,0.0,0.0,1,1.0,1.0,1.0,1.0,0.9999999999993219,1.0,,,,108,55,,unet,0
0.0,0.0,0.0,147456.0,0.0,0.0,1,1.0,1.0,1.0,1.0,0.9999999999993219,1.0,,,,108,56,,unet,0
0.0,0.0,0.0,147456.0,0.0,0.0,1,1.0,1.0,1.0,1.0,0.9999999999993219,1.0,,,,108,57,,unet,0
0.0,0.0,0.0,147456.0,0.0,0.0,1,1.0,1.0,1.0,1.0,0.9999999999993219,1.0,,,,113,0,,unet,0
0.0,0.0,0.0,147456.0,0.0,0.0,1,1.0,1.0,1.0,1.0,0.9999999999993219,1.0,,,,113,1,,unet,0
0.0,0.0,0.0,147456.0,0.0,0.0,1,1.0,1.0,1.0,1.0,0.9999999999993219,1.0,,,,113,2,,unet,0
0.0,0.0,0.0,147456.0,0.0,0.0,1,1.0,1.0,1.0,1.0,0.9999999999993219,1.0,,,,113,3,,unet,0
0.0,0.0,0.0,147456.0,0.0,0.0,1,1.0,1.0,1.0,1.0,0.9999999999993219,1.0,,,,113,4,,unet,0
0.0,0.0,0.0,147456.0,0.0,0.0,1,1.0,1.0,1.0,1.0,0.9999999999993219,1.0,,,,113,5,,unet,0
0.0,0.0,0.0,147456.0,0.0,0.0,1,1.0,1.0,1.0,1.0,0.9999999999993219,1.0,,,,113,6,,unet,0
0.0,0.0,0.0,147456.0,0.0,0.0,1,1.0,1.0,1.0,1.0,0.9999999999993219,1.0,,,,113,7,,unet,0
0.0,0.0,0.0,147456.0,0.0,0.0,1,1.0,1.0,1.0,1.0,0.9999999999993219,1.0,,,,113,8,,unet,0
0.0,0.0,0.0,147456.0,0.0,0.0,1,1.0,1.0,1.0,1.0,0.9999999999993219,1.0,,,,113,9,,unet,0
0.0,0.0,0.0,147456.0,0.0,0.0,1,1.0,1.0,1.0,1.0,0.9999999999993219,1.0,,,,113,10,,unet,0
0.0,0.0,0.0,147456.0,0.0,0.0,1,1.0,1.0,1.0,1.0,0.9999999999993219,1.0,,,,113,11,,unet,0
0.0,0.0,0.0,147456.0,0.0,0.0,1,1.0,1.0,1.0,1.0,0.9999999999993219,1.0,,,,113,12,,unet,0
0.0,0.0,0.0,147456.0,0.0,0.0,1,1.0,1.0,1.0,1.0,0.9999999999993219,1.0,,,,113,13,,unet,0
0.0,0.0,0.0,147456.0,0.0,0.0,1,1.0,1.0,1.0,1.0,0.9999999999993219,1.0,,,,113,14,,unet,0
0.0,0.0,0.0,147456.0,0.0,0.0,1,1.0,1.0,1.0,1.0,0.9999999999993219,1.0,,,,113,15,,unet,0
0.0,0.0,0.0,147456.0,0.0,0.0,1,1.0,1.0,1.0,1.0,0.9999999999993219,1.0,,,,113,16,,unet,0
0.0,0.0,0.0,147456.0,0.0,0.0,1,1.0,1.0,1.0,1.0,0.9999999999993219,1.0,,,,113,17,,unet,0
0.0,125.0,0.0,147331.0,0.0,125.0,1,0.0,0.0,0.0,1.0,0.9991522894958502,0.0,,,,113,18,,unet,0
0.0,175.0,0.0,147281.0,0.0,175.0,1,0.0,0.0,0.0,1.0,0.9988132052944615,0.0,,,,113,19,,unet,0
0.0,203.0,0.0,147253.0,0.0,203.0,1,0.0,0.0,0.0,1.0,0.9986233181416839,0.0,,,,113,20,,unet,0
0.0,0.0,0.0,147456.0,0.0,0.0,1,1.0,1.0,1.0,1.0,0.9999999999993219,1.0,,,,113,21,,unet,0
0.0,0.0,0.0,147456.0,0.0,0.0,1,1.0,1.0,1.0,1.0,0.9999999999993219,1.0,,,,113,22,,unet,0
0.0,0.0,0.0,147456.0,0.0,0.0,1,1.0,1.0,1.0,1.0,0.9999999999993219,1.0,,,,113,23,,unet,0
0.0,0.0,0.0,147456.0,0.0,0.0,1,1.0,1.0,1.0,1.0,0.9999999999993219,1.0,,,,113,24,,unet,0
0.0,0.0,0.0,147456.0,0.0,0.0,1,1.0,1.0,1.0,1.0,0.9999999999993219,1.0,,,,113,25,,unet,0
0.0,0.0,0.0,147456.0,0.0,0.0,1,1.0,1.0,1.0,1.0,0.9999999999993219,1.0,,,,113,26,,unet,0
0.0,0.0,0.0,147456.0,0.0,0.0,1,1.0,1.0,1.0,1.0,0.9999999999993219,1.0,,,,113,27,,unet,0
0.0,0.0,0.0,147456.0,0.0,0.0,1,1.0,1.0,1.0,1.0,0.9999999999993219,1.0,,,,113,28,,unet,0
0.0,0.0,0.0,147456.0,0.0,0.0,1,1.0,1.0,1.0,1.0,0.9999999999993219,1.0,,,,113,29,,unet,0
0.0,0.0,0.0,147456.0,0.0,0.0,1,1.0,1.0,1.0,1.0,0.9999999999993219,1.0,,,,113,30,,unet,0
0.0,0.0,0.0,147456.0,0.0,0.0,1,1.0,1.0,1.0,1.0,0.9999999999993219,1.0,,,,113,31,,unet,0
0.0,0.0,0.0,147456.0,0.0,0.0,1,1.0,1.0,1.0,1.0,0.9999999999993219,1.0,,,,113,32,,unet,0
0.0,0.0,0.0,147456.0,0.0,0.0,1,1.0,1.0,1.0,1.0,0.9999999999993219,1.0,,,,119,0,,unet,0
0.0,0.0,0.0,147456.0,0.0,0.0,1,1.0,1.0,1.0,1.0,0.9999999999993219,1.0,,,,119,1,,unet,0
0.0,0.0,0.0,147456.0,0.0,0.0,1,1.0,1.0,1.0,1.0,0.9999999999993219,1.0,,,,119,2,,unet,0
0.0,0.0,0.0,147456.0,0.0,0.0,1,1.0,1.0,1.0,1.0,0.9999999999993219,1.0,,,,119,3,,unet,0
0.0,0.0,0.0,147456.0,0.0,0.0,1,1.0,1.0,1.0,1.0,0.9999999999993219,1.0,,,,119,4,,unet,0
0.0,0.0,0.0,147456.0,0.0,0.0,1,1.0,1.0,1.0,1.0,0.9999999999993219,1.0,,,,119,5,,unet,0
0.0,0.0,0.0,147456.0,0.0,0.0,1,1.0,1.0,1.0,1.0,0.9999999999993219,1.0,,,,119,6,,unet,0
0.0,0.0,0.0,147456.0,0.0,0.0,1,1.0,1.0,1.0,1.0,0.9999999999993219,1.0,,,,119,7,,unet,0
0.0,0.0,0.0,147456.0,0.0,0.0,1,1.0,1.0,1.0,1.0,0.9999999999993219,1.0,,,,119,8,,unet,0
0.0,0.0,0.0,147456.0,0.0,0.0,1,1.0,1.0,1.0,1.0,0.9999999999993219,1.0,,,,119,9,,unet,0
0.0,0.0,0.0,147456.0,0.0,0.0,1,1.0,1.0,1.0,1.0,0.9999999999993219,1.0,,,,119,10,,unet,0
0.0,0.0,0.0,147456.0,0.0,0.0,1,1.0,1.0,1.0,1.0,0.9999999999993219,1.0,,,,119,11,,unet,0
0.0,0.0,0.0,147456.0,0.0,0.0,1,1.0,1.0,1.0,1.0,0.9999999999993219,1.0,,,,119,12,,unet,0
0.0,0.0,0.0,147456.0,0.0,0.0,1,1.0,1.0,1.0,1.0,0.9999999999993219,1.0,,,,119,13,,unet,0
0.0,48.0,0.0,147408.0,0.0,48.0,1,0.0,0.0,0.0,1.0,0.9996744791659887,0.0,,,,119,14,,unet,0
0.0,0.0,0.0,147456.0,0.0,0.0,1,1.0,1.0,1.0,1.0,0.9999999999993219,1.0,,,,119,15,,unet,0
0.0,0.0,0.0,147456.0,0.0,0.0,1,1.0,1.0,1.0,1.0,0.9999999999993219,1.0,,,,119,16,,unet,0
0.0,0.0,0.0,147456.0,0.0,0.0,1,1.0,1.0,1.0,1.0,0.9999999999993219,1.0,,,,119,17,,unet,0
0.0,0.0,0.0,147456.0,0.0,0.0,1,1.0,1.0,1.0,1.0,0.9999999999993219,1.0,,,,119,18,,unet,0
0.0,0.0,0.0,147456.0,0.0,0.0,1,1.0,1.0,1.0,1.0,0.9999999999993219,1.0,,,,119,19,,unet,0
0.0,0.0,0.0,147456.0,0.0,0.0,1,1.0,1.0,1.0,1.0,0.9999999999993219,1.0,,,,119,20,,unet,0
0.0,0.0,0.0,147456.0,0.0,0.0,1,1.0,1.0,1.0,1.0,0.9999999999993219,1.0,,,,119,21,,unet,0
0.0,0.0,0.0,147456.0,0.0,0.0,1,1.0,1.0,1.0,1.0,0.9999999999993219,1.0,,,,119,22,,unet,0
0.0,0.0,0.0,147456.0,0.0,0.0,1,1.0,1.0,1.0,1.0,0.9999999999993219,1.0,,,,119,23,,unet,0
0.0,0.0,0.0,147456.0,0.0,0.0,1,1.0,1.0,1.0,1.0,0.9999999999993219,1.0,,,,119,24,,unet,0
0.0,0.0,0.0,147456.0,0.0,0.0,1,1.0,1.0,1.0,1.0,0.9999999999993219,1.0,,,,119,25,,unet,0
0.0,0.0,0.0,147456.0,0.0,0.0,1,1.0,1.0,1.0,1.0,0.9999999999993219,1.0,,,,119,26,,unet,0
0.0,0.0,0.0,147456.0,0.0,0.0,1,1.0,1.0,1.0,1.0,0.9999999999993219,1.0,,,,119,27,,unet,0
0.0,0.0,0.0,147456.0,0.0,0.0,1,1.0,1.0,1.0,1.0,0.9999999999993219,1.0,,,,119,28,,unet,0
0.0,0.0,0.0,147456.0,0.0,0.0,1,1.0,1.0,1.0,1.0,0.9999999999993219,1.0,,,,119,29,,unet,0
0.0,0.0,0.0,147456.0,0.0,0.0,1,1.0,1.0,1.0,1.0,0.9999999999993219,1.0,,,,119,30,,unet,0
0.0,0.0,0.0,147456.0,0.0,0.0,1,1.0,1.0,1.0,1.0,0.9999999999993219,1.0,,,,119,31,,unet,0
0.0,0.0,0.0,147456.0,0.0,0.0,1,1.0,1.0,1.0,1.0,0.9999999999993219,1.0,,,,119,32,,unet,0
0.0,0.0,0.0,147456.0,0.0,0.0,1,1.0,1.0,1.0,1.0,0.9999999999993219,1.0,,,,119,33,,unet,0
0.0,0.0,0.0,147456.0,0.0,0.0,1,1.0,1.0,1.0,1.0,0.9999999999993219,1.0,,,,119,34,,unet,0
0.0,0.0,0.0,147456.0,0.0,0.0,1,1.0,1.0,1.0,1.0,0.9999999999993219,1.0,,,,119,35,,unet,0
0.0,0.0,0.0,147456.0,0.0,0.0,1,1.0,1.0,1.0,1.0,0.9999999999993219,1.0,,,,124,0,,unet,0
0.0,0.0,0.0,147456.0,0.0,0.0,1,1.0,1.0,1.0,1.0,0.9999999999993219,1.0,,,,124,1,,unet,0
0.0,0.0,0.0,147456.0,0.0,0.0,1,1.0,1.0,1.0,1.0,0.9999999999993219,1.0,,,,124,2,,unet,0
0.0,0.0,0.0,147456.0,0.0,0.0,1,1.0,1.0,1.0,1.0,0.9999999999993219,1.0,,,,124,3,,unet,0
0.0,0.0,0.0,147456.0,0.0,0.0,1,1.0,1.0,1.0,1.0,0.9999999999993219,1.0,,,,124,4,,unet,0
0.0,0.0,0.0,147456.0,0.0,0.0,1,1.0,1.0,1.0,1.0,0.9999999999993219,1.0,,,,124,5,,unet,0
0.0,0.0,0.0,147456.0,0.0,0.0,1,1.0,1.0,1.0,1.0,0.9999999999993219,1.0,,,,124,6,,unet,0
0.0,0.0,0.0,147456.0,0.0,0.0,1,1.0,1.0,1.0,1.0,0.9999999999993219,1.0,,,,124,7,,unet,0
0.0,0.0,0.0,147456.0,0.0,0.0,1,1.0,1.0,1.0,1.0,0.9999999999993219,1.0,,,,124,8,,unet,0
0.0,0.0,0.0,147456.0,0.0,0.0,1,1.0,1.0,1.0,1.0,0.9999999999993219,1.0,,,,124,9,,unet,0
0.0,0.0,0.0,147456.0,0.0,0.0,1,1.0,1.0,1.0,1.0,0.9999999999993219,1.0,,,,124,10,,unet,0
0.0,0.0,0.0,147456.0,0.0,0.0,1,1.0,1.0,1.0,1.0,0.9999999999993219,1.0,,,,124,11,,unet,0
0.0,0.0,0.0,147456.0,0.0,0.0,1,1.0,1.0,1.0,1.0,0.9999999999993219,1.0,,,,124,12,,unet,0
0.0,153.0,0.0,147303.0,0.0,153.0,1,0.0,0.0,0.0,1.0,0.9989624023430725,0.0,,,,124,13,,unet,0
0.0,84.0,0.0,147372.0,0.0,84.0,1,0.0,0.0,0.0,1.0,0.9994303385409888,0.0,,,,124,14,,unet,0
0.0,338.0,0.0,147118.0,0.0,338.0,1,0.0,0.0,0.0,1.0,0.9977077907979345,0.0,,,,124,15,,unet,0
0.0,441.0,0.0,147015.0,0.0,441.0,1,0.0,0.0,0.0,1.0,0.9970092773430739,0.0,,,,124,16,,unet,0
0.0,82.0,0.0,147374.0,0.0,82.0,1,0.0,0.0,0.0,1.0,0.9994439019090444,0.0,,,,124,17,,unet,0
0.0,169.0,0.0,147287.0,0.0,169.0,1,0.0,0.0,0.0,1.0,0.9988538953986281,0.0,,,,124,18,,unet,0
0.0,265.0,0.0,147191.0,0.0,265.0,1,0.0,0.0,0.0,1.0,0.9982028537319619,0.0,,,,124,19,,unet,0
0.0,101.0,0.0,147355.0,0.0,101.0,1,0.0,0.0,0.0,1.0,0.9993150499125167,0.0,,,,124,20,,unet,0
0.0,90.0,0.0,147366.0,0.0,90.0,1,0.0,0.0,0.0,1.0,0.9993896484368222,0.0,,,,124,21,,unet,0
0.0,0.0,0.0,147456.0,0.0,0.0,1,1.0,1.0,1.0,1.0,0.9999999999993219,1.0,,,,124,22,,unet,0
0.0,0.0,0.0,147456.0,0.0,0.0,1,1.0,1.0,1.0,1.0,0.9999999999993219,1.0,,,,124,23,,unet,0
0.0,0.0,0.0,147456.0,0.0,0.0,1,1.0,1.0,1.0,1.0,0.9999999999993219,1.0,,,,124,24,,unet,0
0.0,0.0,0.0,147456.0,0.0,0.0,1,1.0,1.0,1.0,1.0,0.9999999999993219,1.0,,,,124,25,,unet,0
0.0,0.0,0.0,147456.0,0.0,0.0,1,1.0,1.0,1.0,1.0,0.9999999999993219,1.0,,,,124,26,,unet,0
0.0,0.0,0.0,147456.0,0.0,0.0,1,1.0,1.0,1.0,1.0,0.9999999999993219,1.0,,,,124,27,,unet,0
0.0,0.0,0.0,147456.0,0.0,0.0,1,1.0,1.0,1.0,1.0,0.9999999999993219,1.0,,,,124,28,,unet,0
0.0,0.0,0.0,147456.0,0.0,0.0,1,1.0,1.0,1.0,1.0,0.9999999999993219,1.0,,,,124,29,,unet,0
0.0,0.0,0.0,147456.0,0.0,0.0,1,1.0,1.0,1.0,1.0,0.9999999999993219,1.0,,,,124,30,,unet,0
0.0,0.0,0.0,147456.0,0.0,0.0,1,1.0,1.0,1.0,1.0,0.9999999999993219,1.0,,,,124,31,,unet,0
0.0,0.0,0.0,147456.0,0.0,0.0,1,1.0,1.0,1.0,1.0,0.9999999999993219,1.0,,,,124,32,,unet,0
0.0,0.0,0.0,147456.0,0.0,0.0,1,1.0,1.0,1.0,1.0,0.9999999999993219,1.0,,,,124,33,,unet,0
0.0,0.0,0.0,147456.0,0.0,0.0,1,1.0,1.0,1.0,1.0,0.9999999999993219,1.0,,,,124,34,,unet,0
0.0,0.0,0.0,147456.0,0.0,0.0,1,1.0,1.0,1.0,1.0,0.9999999999993219,1.0,,,,124,35,,unet,0
0.0,0.0,0.0,147456.0,0.0,0.0,1,1.0,1.0,1.0,1.0,0.9999999999993219,1.0,,,,124,36,,unet,0
0.0,0.0,0.0,147456.0,0.0,0.0,1,1.0,1.0,1.0,1.0,0.9999999999993219,1.0,,,,125,0,,unet,0
0.0,0.0,0.0,147456.0,0.0,0.0,1,1.0,1.0,1.0,1.0,0.9999999999993219,1.0,,,,125,1,,unet,0
0.0,0.0,0.0,147456.0,0.0,0.0,1,1.0,1.0,1.0,1.0,0.9999999999993219,1.0,,,,125,2,,unet,0
0.0,0.0,0.0,147456.0,0.0,0.0,1,1.0,1.0,1.0,1.0,0.9999999999993219,1.0,,,,125,3,,unet,0
0.0,0.0,0.0,147456.0,0.0,0.0,1,1.0,1.0,1.0,1.0,0.9999999999993219,1.0,,,,125,4,,unet,0
0.0,0.0,0.0,147456.0,0.0,0.0,1,1.0,1.0,1.0,1.0,0.9999999999993219,1.0,,,,125,5,,unet,0
0.0,0.0,0.0,147456.0,0.0,0.0,1,1.0,1.0,1.0,1.0,0.9999999999993219,1.0,,,,125,6,,unet,0
0.0,0.0,0.0,147456.0,0.0,0.0,1,1.0,1.0,1.0,1.0,0.9999999999993219,1.0,,,,125,7,,unet,0
0.0,0.0,0.0,147456.0,0.0,0.0,1,1.0,1.0,1.0,1.0,0.9999999999993219,1.0,,,,125,8,,unet,0
0.0,0.0,0.0,147456.0,0.0,0.0,1,1.0,1.0,1.0,1.0,0.9999999999993219,1.0,,,,125,9,,unet,0
0.0,0.0,0.0,147456.0,0.0,0.0,1,1.0,1.0,1.0,1.0,0.9999999999993219,1.0,,,,125,10,,unet,0
0.0,0.0,0.0,147456.0,0.0,0.0,1,1.0,1.0,1.0,1.0,0.9999999999993219,1.0,,,,125,11,,unet,0
0.0,0.0,0.0,147456.0,0.0,0.0,1,1.0,1.0,1.0,1.0,0.9999999999993219,1.0,,,,125,12,,unet,0
0.0,0.0,0.0,147456.0,0.0,0.0,1,1.0,1.0,1.0,1.0,0.9999999999993219,1.0,,,,125,13,,unet,0
0.0,0.0,0.0,147456.0,0.0,0.0,1,1.0,1.0,1.0,1.0,0.9999999999993219,1.0,,,,125,14,,unet,0
0.0,0.0,0.0,147456.0,0.0,0.0,1,1.0,1.0,1.0,1.0,0.9999999999993219,1.0,,,,125,15,,unet,0
0.0,0.0,0.0,147456.0,0.0,0.0,1,1.0,1.0,1.0,1.0,0.9999999999993219,1.0,,,,125,16,,unet,0
0.0,0.0,0.0,147456.0,0.0,0.0,1,1.0,1.0,1.0,1.0,0.9999999999993219,1.0,,,,125,17,,unet,0
0.0,0.0,0.0,147456.0,0.0,0.0,1,1.0,1.0,1.0,1.0,0.9999999999993219,1.0,,,,125,18,,unet,0
0.0,0.0,0.0,147456.0,0.0,0.0,1,1.0,1.0,1.0,1.0,0.9999999999993219,1.0,,,,125,19,,unet,0
0.0,0.0,0.0,147456.0,0.0,0.0,1,1.0,1.0,1.0,1.0,0.9999999999993219,1.0,,,,125,20,,unet,0
0.0,0.0,0.0,147456.0,0.0,0.0,1,1.0,1.0,1.0,1.0,0.9999999999993219,1.0,,,,125,21,,unet,0
0.0,0.0,0.0,147456.0,0.0,0.0,1,1.0,1.0,1.0,1.0,0.9999999999993219,1.0,,,,125,22,,unet,0
0.0,0.0,0.0,147456.0,0.0,0.0,1,1.0,1.0,1.0,1.0,0.9999999999993219,1.0,,,,125,23,,unet,0
0.0,0.0,0.0,147456.0,0.0,0.0,1,1.0,1.0,1.0,1.0,0.9999999999993219,1.0,,,,125,24,,unet,0
0.0,0.0,0.0,147456.0,0.0,0.0,1,1.0,1.0,1.0,1.0,0.9999999999993219,1.0,,,,125,25,,unet,0
0.0,0.0,0.0,147456.0,0.0,0.0,1,1.0,1.0,1.0,1.0,0.9999999999993219,1.0,,,,125,26,,unet,0
0.0,54.0,0.0,147402.0,0.0,54.0,1,0.0,0.0,0.0,1.0,0.9996337890618221,0.0,,,,125,27,,unet,0
0.0,0.0,0.0,147456.0,0.0,0.0,1,1.0,1.0,1.0,1.0,0.9999999999993219,1.0,,,,125,28,,unet,0
0.0,0.0,0.0,147456.0,0.0,0.0,1,1.0,1.0,1.0,1.0,0.9999999999993219,1.0,,,,125,29,,unet,0
0.0,0.0,0.0,147456.0,0.0,0.0,1,1.0,1.0,1.0,1.0,0.9999999999993219,1.0,,,,125,30,,unet,0
0.0,0.0,0.0,147456.0,0.0,0.0,1,1.0,1.0,1.0,1.0,0.9999999999993219,1.0,,,,125,31,,unet,0
0.0,0.0,0.0,147456.0,0.0,0.0,1,1.0,1.0,1.0,1.0,0.9999999999993219,1.0,,,,125,32,,unet,0
0.0,0.0,0.0,147456.0,0.0,0.0,1,1.0,1.0,1.0,1.0,0.9999999999993219,1.0,,,,125,33,,unet,0
0.0,0.0,0.0,147456.0,0.0,0.0,1,1.0,1.0,1.0,1.0,0.9999999999993219,1.0,,,,125,34,,unet,0
0.0,0.0,0.0,147456.0,0.0,0.0,1,1.0,1.0,1.0,1.0,0.9999999999993219,1.0,,,,125,35,,unet,0
0.0,0.0,0.0,147456.0,0.0,0.0,1,1.0,1.0,1.0,1.0,0.9999999999993219,1.0,,,,125,36,,unet,0
0.0,0.0,0.0,147456.0,0.0,0.0,1,1.0,1.0,1.0,1.0,0.9999999999993219,1.0,,,,125,37,,unet,0
0.0,0.0,0.0,147456.0,0.0,0.0,1,1.0,1.0,1.0,1.0,0.9999999999993219,1.0,,,,125,38,,unet,0
0.0,0.0,0.0,147456.0,0.0,0.0,1,1.0,1.0,1.0,1.0,0.9999999999993219,1.0,,,,125,39,,unet,0
0.0,0.0,0.0,147456.0,0.0,0.0,1,1.0,1.0,1.0,1.0,0.9999999999993219,1.0,,,,125,40,,unet,0
0.0,0.0,0.0,147456.0,0.0,0.0,1,1.0,1.0,1.0,1.0,0.9999999999993219,1.0,,,,125,41,,unet,0
0.0,0.0,0.0,147456.0,0.0,0.0,1,1.0,1.0,1.0,1.0,0.9999999999993219,1.0,,,,125,42,,unet,0
